/*
 Navicat Premium Data Transfer

 Source Server         : localhost_3306
 Source Server Type    : MySQL
 Source Server Version : 50617
 Source Host           : localhost:3306
 Source Schema         : crowfdid_diamond_city

 Target Server Type    : MySQL
 Target Server Version : 50617
 File Encoding         : 65001

 Date: 30/10/2023 12:55:42
*/

SET NAMES utf8mb4;
SET FOREIGN_KEY_CHECKS = 0;

-- ----------------------------
-- Table structure for agents
-- ----------------------------
DROP TABLE IF EXISTS `agents`;
CREATE TABLE `agents`  (
  `id` int(11) NOT NULL,
  `name` varchar(255) CHARACTER SET utf8mb4 COLLATE utf8mb4_general_ci NOT NULL,
  `designation` varchar(255) CHARACTER SET utf8mb4 COLLATE utf8mb4_general_ci NOT NULL,
  `city` varchar(255) CHARACTER SET utf8mb4 COLLATE utf8mb4_general_ci NOT NULL,
  `phone` varchar(255) CHARACTER SET utf8mb4 COLLATE utf8mb4_general_ci NOT NULL,
  `email` varchar(255) CHARACTER SET utf8mb4 COLLATE utf8mb4_general_ci NOT NULL,
  `img` varchar(255) CHARACTER SET utf8mb4 COLLATE utf8mb4_general_ci NOT NULL,
  `created_at` timestamp(0) NOT NULL DEFAULT CURRENT_TIMESTAMP,
  `updated_at` timestamp(0) NOT NULL DEFAULT CURRENT_TIMESTAMP,
  PRIMARY KEY (`id`) USING BTREE
) ENGINE = InnoDB CHARACTER SET = latin1 COLLATE = latin1_swedish_ci ROW_FORMAT = Compact;

-- ----------------------------
-- Records of agents
-- ----------------------------
INSERT INTO `agents` VALUES (6, 'Sadaf Javaid', 'Head of Sales at Diamond City Real Estate Broker', 'Dubai', '+971 50 217 6037', 'Marketing@diamondcityre.com', '169740621852.png', '2023-10-16 06:43:38', '2023-10-16 06:43:38');
INSERT INTO `agents` VALUES (7, 'Sufaiya Ahmed', 'Senior Sales Consultant', 'India', '+971 50 211 3712', 'Marketing@diamondcityre.com', '169741007567.png', '2023-10-16 07:47:55', '2023-10-16 07:47:55');
INSERT INTO `agents` VALUES (8, 'Test', 'Test', 'Sharjah', '+971561986087', 'amir@domain.com', '169748399832.jpg', '2023-10-17 13:19:58', '2023-10-17 13:19:58');

-- ----------------------------
-- Table structure for assign_tags
-- ----------------------------
DROP TABLE IF EXISTS `assign_tags`;
CREATE TABLE `assign_tags`  (
  `id` int(11) NOT NULL,
  `property_id` int(11) NOT NULL,
  `property_tags` varchar(255) CHARACTER SET utf8mb4 COLLATE utf8mb4_general_ci NOT NULL,
  `created_at` timestamp(0) NOT NULL DEFAULT CURRENT_TIMESTAMP,
  `updated_at` timestamp(0) NOT NULL DEFAULT CURRENT_TIMESTAMP,
  PRIMARY KEY (`id`) USING BTREE
) ENGINE = InnoDB CHARACTER SET = latin1 COLLATE = latin1_swedish_ci ROW_FORMAT = Compact;

-- ----------------------------
-- Table structure for contact
-- ----------------------------
DROP TABLE IF EXISTS `contact`;
CREATE TABLE `contact`  (
  `id` int(90) NOT NULL,
  `f_name` text CHARACTER SET utf8mb4 COLLATE utf8mb4_general_ci NOT NULL,
  `l_name` text CHARACTER SET utf8mb4 COLLATE utf8mb4_general_ci NOT NULL,
  `email` varchar(90) CHARACTER SET utf8mb4 COLLATE utf8mb4_general_ci NOT NULL,
  `phone` int(90) NOT NULL,
  `message` varchar(90) CHARACTER SET utf8mb4 COLLATE utf8mb4_general_ci NOT NULL,
  PRIMARY KEY (`id`) USING BTREE
) ENGINE = InnoDB CHARACTER SET = latin1 COLLATE = latin1_swedish_ci ROW_FORMAT = Compact;

-- ----------------------------
-- Records of contact
-- ----------------------------
INSERT INTO `contact` VALUES (1, 'Rana', 'Wahab', 'admin@admin.com', 988989898, '121');
INSERT INTO `contact` VALUES (2, 'Rana', 'Wahab', 'admin@admin.com', 988989898, '121');
INSERT INTO `contact` VALUES (3, 'Rana', 'Wahab', 'admin@admin.com', 988989898, '121');
INSERT INTO `contact` VALUES (4, 'Rana Wahab', '', 'admin@admin.com', 988989898, '12');
INSERT INTO `contact` VALUES (5, 'Rana', 'Wahab', 'admin@admin.com', 988989898, '0');
INSERT INTO `contact` VALUES (6, 'Rana', 'Wahab', 'admin@admin.com', 988989898, '0');
INSERT INTO `contact` VALUES (7, 'Rana', 'Wahab', 'admin@admin.com', 988989898, '0');
INSERT INTO `contact` VALUES (8, 'Rana', 'Wahab', 'admin@admin.com', 988989898, '0');
INSERT INTO `contact` VALUES (9, 'Rana', 'Wahab', 'admin@admin.com', 988989898, '898');
INSERT INTO `contact` VALUES (10, 'admin', 'Rabeea', 'abwah4932@gmail.com', 3212925, 'iuiui');
INSERT INTO `contact` VALUES (11, 'admin', 'Rabeea', 'abwah4932@gmail.com', 3212925, 'iuiui');
INSERT INTO `contact` VALUES (12, 'Rana', 'Wahab', 'abwah4932@gmail.com', 315070605, 'asas');

-- ----------------------------
-- Table structure for developers
-- ----------------------------
DROP TABLE IF EXISTS `developers`;
CREATE TABLE `developers`  (
  `id` int(11) UNSIGNED NOT NULL AUTO_INCREMENT,
  `name` varchar(255) CHARACTER SET latin1 COLLATE latin1_swedish_ci NULL DEFAULT '',
  `created_at` timestamp(0) NOT NULL DEFAULT CURRENT_TIMESTAMP,
  `updated_at` timestamp(0) NOT NULL DEFAULT CURRENT_TIMESTAMP,
  PRIMARY KEY (`id`) USING BTREE
) ENGINE = InnoDB AUTO_INCREMENT = 8 CHARACTER SET = latin1 COLLATE = latin1_swedish_ci ROW_FORMAT = Compact;

-- ----------------------------
-- Records of developers
-- ----------------------------
INSERT INTO `developers` VALUES (1, 'Elite Realty Group', '2023-10-22 05:37:32', '2023-10-24 12:01:46');
INSERT INTO `developers` VALUES (3, 'Prime Properties', '2023-10-22 05:54:40', '2023-10-22 05:54:40');
INSERT INTO `developers` VALUES (4, 'Dream Homes Realty', '2023-10-22 20:25:38', '2023-10-22 20:25:38');
INSERT INTO `developers` VALUES (5, 'Stellar Estates', '2023-10-22 20:25:46', '2023-10-22 20:25:46');
INSERT INTO `developers` VALUES (7, 'New', '2023-10-24 12:02:01', '2023-10-24 12:02:01');

-- ----------------------------
-- Table structure for failed_jobs
-- ----------------------------
DROP TABLE IF EXISTS `failed_jobs`;
CREATE TABLE `failed_jobs`  (
  `id` bigint(20) UNSIGNED NOT NULL,
  `uuid` varchar(255) CHARACTER SET utf8mb4 COLLATE utf8mb4_unicode_ci NOT NULL,
  `connection` text CHARACTER SET utf8mb4 COLLATE utf8mb4_unicode_ci NOT NULL,
  `queue` text CHARACTER SET utf8mb4 COLLATE utf8mb4_unicode_ci NOT NULL,
  `payload` longtext CHARACTER SET utf8mb4 COLLATE utf8mb4_unicode_ci NOT NULL,
  `exception` longtext CHARACTER SET utf8mb4 COLLATE utf8mb4_unicode_ci NOT NULL,
  `failed_at` timestamp(0) NOT NULL DEFAULT CURRENT_TIMESTAMP
) ENGINE = InnoDB CHARACTER SET = latin1 COLLATE = latin1_swedish_ci ROW_FORMAT = Compact;

-- ----------------------------
-- Table structure for features
-- ----------------------------
DROP TABLE IF EXISTS `features`;
CREATE TABLE `features`  (
  `id` int(11) NOT NULL,
  `title` varchar(255) CHARACTER SET utf8mb4 COLLATE utf8mb4_general_ci NOT NULL,
  `created_at` timestamp(0) NOT NULL DEFAULT CURRENT_TIMESTAMP,
  `updated_at` timestamp(0) NOT NULL DEFAULT CURRENT_TIMESTAMP
) ENGINE = InnoDB CHARACTER SET = latin1 COLLATE = latin1_swedish_ci ROW_FORMAT = Compact;

-- ----------------------------
-- Records of features
-- ----------------------------
INSERT INTO `features` VALUES (2, 'this is second feature title testing feature', '2023-10-01 02:44:00', '2023-10-01 15:00:07');
INSERT INTO `features` VALUES (3, 'new', '2023-10-11 07:35:16', '2023-10-11 07:35:16');
INSERT INTO `features` VALUES (4, 'Built in Wardrobes', '2023-10-16 06:49:52', '2023-10-16 06:49:52');
INSERT INTO `features` VALUES (5, 'Childrens Play Area', '2023-10-16 06:50:04', '2023-10-16 06:50:04');
INSERT INTO `features` VALUES (6, 'Lobby in Building', '2023-10-16 06:50:14', '2023-10-16 06:50:14');
INSERT INTO `features` VALUES (7, 'Unfurnished', '2023-10-16 06:50:24', '2023-10-16 06:50:24');
INSERT INTO `features` VALUES (8, 'View of Landmark', '2023-10-16 06:50:32', '2023-10-16 06:50:32');
INSERT INTO `features` VALUES (9, 'Central A/C', '2023-10-16 06:50:41', '2023-10-16 06:50:41');
INSERT INTO `features` VALUES (10, 'Balcony', '2023-10-16 06:50:49', '2023-10-16 06:50:49');
INSERT INTO `features` VALUES (11, 'Covered Parking', '2023-10-16 06:50:57', '2023-10-16 06:50:57');
INSERT INTO `features` VALUES (12, 'Security', '2023-10-16 06:51:08', '2023-10-16 06:51:08');
INSERT INTO `features` VALUES (13, 'Shared Pool', '2023-10-16 06:51:17', '2023-10-16 06:51:17');
INSERT INTO `features` VALUES (14, 'View of Water', '2023-10-16 06:51:23', '2023-10-16 06:51:23');
INSERT INTO `features` VALUES (15, 'Testing feature', '2023-10-17 13:22:51', '2023-10-17 13:22:51');

-- ----------------------------
-- Table structure for floor_plans
-- ----------------------------
DROP TABLE IF EXISTS `floor_plans`;
CREATE TABLE `floor_plans`  (
  `id` int(10) UNSIGNED NOT NULL AUTO_INCREMENT,
  `off_plan_id` int(10) UNSIGNED NULL DEFAULT 0,
  `img` varchar(255) CHARACTER SET latin1 COLLATE latin1_swedish_ci NULL DEFAULT '',
  `type` varchar(255) CHARACTER SET latin1 COLLATE latin1_swedish_ci NULL DEFAULT '',
  `property_sub_type` int(5) NULL DEFAULT 0,
  `total_area_sq_ft` decimal(10, 2) UNSIGNED NULL DEFAULT 0.00,
  `starting_price` decimal(10, 2) UNSIGNED NULL DEFAULT 0.00,
  `ask_for_price` tinyint(1) NULL DEFAULT 0,
  PRIMARY KEY (`id`) USING BTREE
) ENGINE = InnoDB AUTO_INCREMENT = 98 CHARACTER SET = latin1 COLLATE = latin1_swedish_ci ROW_FORMAT = Compact;

-- ----------------------------
-- Records of floor_plans
-- ----------------------------
INSERT INTO `floor_plans` VALUES (51, 22, '169790142796.png', '1', 1, 1.00, 1.00, 0);
INSERT INTO `floor_plans` VALUES (52, 22, '169790150128.jpg', '2', 2, 2.00, 0.00, 1);
INSERT INTO `floor_plans` VALUES (53, 29, '169806381550.jpg', '36', 2, 48.00, 350000.00, 1);
INSERT INTO `floor_plans` VALUES (54, 29, '169806381530.jpg', '2', 1, 34.00, 0.00, 0);
INSERT INTO `floor_plans` VALUES (60, 28, '169806350637.jpg', '32', 1, 63.00, 400.00, 0);
INSERT INTO `floor_plans` VALUES (61, 28, '169808214748.jpg', '10', 3, 1700.00, 456.00, 0);
INSERT INTO `floor_plans` VALUES (62, 28, '169808214784.jpg', '9', 5, 1600.00, 0.00, 1);
INSERT INTO `floor_plans` VALUES (95, 6, '169806591096.jpg', '3', 1, 3.00, 44.00, 0);
INSERT INTO `floor_plans` VALUES (96, 6, '169806594584.jpg', '12', 2, 2.00, 11.00, 0);
INSERT INTO `floor_plans` VALUES (97, 6, '169822720266.jpg', '23', 2, 232.00, 22.00, 0);

-- ----------------------------
-- Table structure for free_consultation
-- ----------------------------
DROP TABLE IF EXISTS `free_consultation`;
CREATE TABLE `free_consultation`  (
  `id` int(90) NOT NULL,
  `name` text CHARACTER SET utf8mb4 COLLATE utf8mb4_general_ci NOT NULL,
  `email` varchar(90) CHARACTER SET utf8mb4 COLLATE utf8mb4_general_ci NOT NULL,
  `code` varchar(90) CHARACTER SET utf8mb4 COLLATE utf8mb4_general_ci NOT NULL,
  `phone` int(90) NOT NULL,
  `message` varchar(90) CHARACTER SET utf8mb4 COLLATE utf8mb4_general_ci NOT NULL
) ENGINE = InnoDB CHARACTER SET = latin1 COLLATE = latin1_swedish_ci ROW_FORMAT = Compact;

-- ----------------------------
-- Table structure for gallery_images
-- ----------------------------
DROP TABLE IF EXISTS `gallery_images`;
CREATE TABLE `gallery_images`  (
  `id` int(11) NOT NULL,
  `property_id` int(11) NOT NULL,
  `image` varchar(255) CHARACTER SET utf8mb4 COLLATE utf8mb4_general_ci NOT NULL,
  `created_at` timestamp(0) NOT NULL DEFAULT CURRENT_TIMESTAMP,
  `updated_at` timestamp(0) NOT NULL DEFAULT CURRENT_TIMESTAMP
) ENGINE = InnoDB CHARACTER SET = latin1 COLLATE = latin1_swedish_ci ROW_FORMAT = Compact;

-- ----------------------------
-- Records of gallery_images
-- ----------------------------
INSERT INTO `gallery_images` VALUES (30, 11, '16960982411.png', '2023-10-01 03:24:01', '2023-10-01 03:24:01');
INSERT INTO `gallery_images` VALUES (31, 11, '16960982412.png', '2023-10-01 03:24:01', '2023-10-01 03:24:01');
INSERT INTO `gallery_images` VALUES (32, 11, '16960982413.jpg', '2023-10-01 03:24:01', '2023-10-01 03:24:01');
INSERT INTO `gallery_images` VALUES (33, 11, '16960982414.png', '2023-10-01 03:24:01', '2023-10-01 03:24:01');
INSERT INTO `gallery_images` VALUES (34, 11, '16960982415.png', '2023-10-01 03:24:01', '2023-10-01 03:24:01');
INSERT INTO `gallery_images` VALUES (35, 12, '16960983821.png', '2023-10-01 03:26:22', '2023-10-01 03:26:22');
INSERT INTO `gallery_images` VALUES (36, 12, '16960983822.png', '2023-10-01 03:26:22', '2023-10-01 03:26:22');
INSERT INTO `gallery_images` VALUES (37, 12, '16960983823.png', '2023-10-01 03:26:22', '2023-10-01 03:26:22');
INSERT INTO `gallery_images` VALUES (38, 12, '16960983824.png', '2023-10-01 03:26:22', '2023-10-01 03:26:22');
INSERT INTO `gallery_images` VALUES (39, 12, '16960983825.jpg', '2023-10-01 03:26:22', '2023-10-01 03:26:22');

-- ----------------------------
-- Table structure for migrations
-- ----------------------------
DROP TABLE IF EXISTS `migrations`;
CREATE TABLE `migrations`  (
  `id` int(10) UNSIGNED NOT NULL,
  `migration` varchar(255) CHARACTER SET utf8mb4 COLLATE utf8mb4_unicode_ci NOT NULL,
  `batch` int(11) NOT NULL
) ENGINE = InnoDB CHARACTER SET = utf8mb4 COLLATE = utf8mb4_unicode_ci ROW_FORMAT = Compact;

-- ----------------------------
-- Records of migrations
-- ----------------------------
INSERT INTO `migrations` VALUES (1, '2014_10_12_000000_create_users_table', 1);
INSERT INTO `migrations` VALUES (2, '2014_10_12_100000_create_password_resets_table', 1);
INSERT INTO `migrations` VALUES (3, '2019_08_19_000000_create_failed_jobs_table', 1);
INSERT INTO `migrations` VALUES (4, '2019_12_14_000001_create_personal_access_tokens_table', 1);
INSERT INTO `migrations` VALUES (5, '2022_12_20_112351_create_doctors_table', 1);
INSERT INTO `migrations` VALUES (6, '2022_12_20_183921_add_role_to_users_table', 1);
INSERT INTO `migrations` VALUES (7, '2022_12_21_072447_create_patients_table', 1);
INSERT INTO `migrations` VALUES (8, '2022_12_21_200720_add_status_to_patients_table', 1);
INSERT INTO `migrations` VALUES (9, '2023_01_04_185641_create_services_table', 1);
INSERT INTO `migrations` VALUES (10, '2023_01_06_120445_add_time_to_services', 1);
INSERT INTO `migrations` VALUES (11, '2023_01_06_120727_add_day_off_to_services', 1);

-- ----------------------------
-- Table structure for off_plans
-- ----------------------------
DROP TABLE IF EXISTS `off_plans`;
CREATE TABLE `off_plans`  (
  `id` int(11) NOT NULL AUTO_INCREMENT,
  `title` varchar(255) CHARACTER SET utf8mb4 COLLATE utf8mb4_general_ci NOT NULL,
  `price` varchar(90) CHARACTER SET utf8mb4 COLLATE utf8mb4_general_ci NOT NULL,
  `plan` varchar(255) CHARACTER SET utf8mb4 COLLATE utf8mb4_general_ci NOT NULL,
  `developer` int(11) UNSIGNED NOT NULL DEFAULT 0,
  `development_type` varchar(255) CHARACTER SET utf8mb4 COLLATE utf8mb4_general_ci NOT NULL DEFAULT '0',
  `property_type` int(3) NULL DEFAULT 0,
  `property_sub_type` int(3) NULL DEFAULT 0,
  `short_description` varchar(255) CHARACTER SET utf8mb4 COLLATE utf8mb4_general_ci NOT NULL,
  `description` text CHARACTER SET utf8mb4 COLLATE utf8mb4_general_ci NULL,
  `completion_dat` date NOT NULL,
  `location` varchar(255) CHARACTER SET utf8mb4 COLLATE utf8mb4_general_ci NOT NULL,
  `longitude` varchar(255) CHARACTER SET utf8mb4 COLLATE utf8mb4_general_ci NOT NULL,
  `latitude` varchar(255) CHARACTER SET utf8mb4 COLLATE utf8mb4_general_ci NOT NULL,
  `down_payment` int(11) NULL DEFAULT NULL,
  `banner_img` varchar(255) CHARACTER SET utf8mb4 COLLATE utf8mb4_general_ci NOT NULL,
  `img1` varchar(255) CHARACTER SET utf8mb4 COLLATE utf8mb4_general_ci NOT NULL,
  `img2` varchar(255) CHARACTER SET utf8mb4 COLLATE utf8mb4_general_ci NOT NULL,
  `img3` varchar(255) CHARACTER SET utf8mb4 COLLATE utf8mb4_general_ci NOT NULL,
  `img4` varchar(255) CHARACTER SET utf8mb4 COLLATE utf8mb4_general_ci NOT NULL,
  `ame1` varchar(255) CHARACTER SET utf8mb4 COLLATE utf8mb4_general_ci NOT NULL,
  `ame2` varchar(255) CHARACTER SET utf8mb4 COLLATE utf8mb4_general_ci NOT NULL,
  `ame3` varchar(255) CHARACTER SET utf8mb4 COLLATE utf8mb4_general_ci NOT NULL,
  `ame4` varchar(255) CHARACTER SET utf8mb4 COLLATE utf8mb4_general_ci NOT NULL,
  `ame5` varchar(255) CHARACTER SET utf8mb4 COLLATE utf8mb4_general_ci NOT NULL,
  `ame6` varchar(255) CHARACTER SET utf8mb4 COLLATE utf8mb4_general_ci NOT NULL,
  `location_img` varchar(255) CHARACTER SET utf8mb4 COLLATE utf8mb4_general_ci NOT NULL,
  `status` int(11) NOT NULL DEFAULT 0,
  `created_at` timestamp(0) NOT NULL DEFAULT CURRENT_TIMESTAMP,
  `updated_at` timestamp(0) NOT NULL DEFAULT CURRENT_TIMESTAMP,
  `bed_rooms` int(11) NULL DEFAULT NULL,
  `bath_rooms` int(11) NULL DEFAULT NULL,
  `measurements` int(11) NULL DEFAULT NULL,
  `video_url` text CHARACTER SET utf8mb4 COLLATE utf8mb4_general_ci NULL,
  `prime_title` varchar(255) CHARACTER SET utf8mb4 COLLATE utf8mb4_general_ci NOT NULL DEFAULT '',
  `prime_description` varchar(255) CHARACTER SET utf8mb4 COLLATE utf8mb4_general_ci NOT NULL,
  `marina_min` varchar(255) CHARACTER SET utf8mb4 COLLATE utf8mb4_general_ci NOT NULL DEFAULT '',
  `downtown_min` varchar(255) CHARACTER SET utf8mb4 COLLATE utf8mb4_general_ci NOT NULL DEFAULT '',
  `airport_min` varchar(255) CHARACTER SET utf8mb4 COLLATE utf8mb4_general_ci NOT NULL DEFAULT '',
  `jumeriah_min` varchar(255) CHARACTER SET utf8mb4 COLLATE utf8mb4_general_ci NOT NULL DEFAULT '',
  `ame_title1` text CHARACTER SET latin1 COLLATE latin1_swedish_ci NULL,
  `ame_title2` text CHARACTER SET latin1 COLLATE latin1_swedish_ci NULL,
  `ame_title3` text CHARACTER SET latin1 COLLATE latin1_swedish_ci NULL,
  `ame_title4` text CHARACTER SET latin1 COLLATE latin1_swedish_ci NULL,
  `ame_title5` text CHARACTER SET latin1 COLLATE latin1_swedish_ci NULL,
  `ame_title6` text CHARACTER SET latin1 COLLATE latin1_swedish_ci NULL,
  PRIMARY KEY (`id`) USING BTREE
) ENGINE = InnoDB AUTO_INCREMENT = 30 CHARACTER SET = latin1 COLLATE = latin1_swedish_ci ROW_FORMAT = Compact;

-- ----------------------------
-- Records of off_plans
-- ----------------------------
INSERT INTO `off_plans` VALUES (6, 'Bayview By Address Resorts', '25000000', '80 / 20', 1, '1-4, 6 bedrooms', 2, 1, 'Bayview by Address Resorts offers a luxurious haven that seamlessly combines the allure of coastal living with the opulence of a 5-star resort', '<p><span id=\"docs-internal-guid-0fb66a9d-7fff-52c9-5338-3f6d8f2dc9eb\"><span style=\"font-size: 11pt; font-family: Poppins, sans-serif; color: #252525; background-color: #ffffff; font-variant-numeric: normal; font-variant-east-asian: normal; font-variant-alternates: normal; font-variant-position: normal; vertical-align: baseline; white-space-collapse: preserve;\">Bayview by Address Resorts offers a luxurious haven that seamlessly combines the allure of coastal living with the opulence of a 5-star resort.<br /></span></span><span id=\"docs-internal-guid-6ae9f0c3-7fff-7d4e-5009-be79e9e629f6\"><span style=\"font-size: 11pt; font-family: Poppins, sans-serif; color: #252525; background-color: #ffffff; font-variant-numeric: normal; font-variant-east-asian: normal; font-variant-alternates: normal; font-variant-position: normal; vertical-align: baseline; white-space-collapse: preserve;\">Nestled within the vibrant landscape of Dubai\'s newest island community, Emaar Beachfront,&nbsp;</span><span style=\"font-size: 11pt; font-family: Poppins, sans-serif; color: #252525; background-color: #ffffff; font-weight: bold; font-variant-numeric: normal; font-variant-east-asian: normal; font-variant-alternates: normal; font-variant-position: normal; vertical-align: baseline; white-space-collapse: preserve;\">Bayview by Address Resorts</span><span style=\"font-size: 11pt; font-family: Poppins, sans-serif; color: #252525; background-color: #ffffff; font-variant-numeric: normal; font-variant-east-asian: normal; font-variant-alternates: normal; font-variant-position: normal; vertical-align: baseline; white-space-collapse: preserve;\">&nbsp;offers a luxurious haven that seamlessly combines the allure of coastal living with the opulence of a 5-star resort.</span><span style=\"font-size: 11pt; font-family: Poppins, sans-serif; color: #252525; font-variant-numeric: normal; font-variant-east-asian: normal; font-variant-alternates: normal; font-variant-position: normal; vertical-align: baseline; white-space-collapse: preserve;\"><br /></span><span style=\"font-size: 11pt; font-family: Poppins, sans-serif; color: #252525; background-color: #ffffff; font-variant-numeric: normal; font-variant-east-asian: normal; font-variant-alternates: normal; font-variant-position: normal; vertical-align: baseline; white-space-collapse: preserve;\">This exclusive private community of fully furnished residences includes&nbsp;</span><span style=\"font-size: 11pt; font-family: Poppins, sans-serif; color: #252525; background-color: #ffffff; font-weight: bold; font-variant-numeric: normal; font-variant-east-asian: normal; font-variant-alternates: normal; font-variant-position: normal; vertical-align: baseline; white-space-collapse: preserve;\">1&ndash;4 bedroom apartments</span><span style=\"font-size: 11pt; font-family: Poppins, sans-serif; color: #252525; background-color: #ffffff; font-variant-numeric: normal; font-variant-east-asian: normal; font-variant-alternates: normal; font-variant-position: normal; vertical-align: baseline; white-space-collapse: preserve;\">&nbsp;and&nbsp;</span><span style=\"font-size: 11pt; font-family: Poppins, sans-serif; color: #252525; background-color: #ffffff; font-weight: bold; font-variant-numeric: normal; font-variant-east-asian: normal; font-variant-alternates: normal; font-variant-position: normal; vertical-align: baseline; white-space-collapse: preserve;\">lavish 4-6 bedroom penthouses</span><span style=\"font-size: 11pt; font-family: Poppins, sans-serif; color: #252525; background-color: #ffffff; font-variant-numeric: normal; font-variant-east-asian: normal; font-variant-alternates: normal; font-variant-position: normal; vertical-align: baseline; white-space-collapse: preserve;\">, spanning from 4,462 to 11,683 square feet in size.Each residence boasts private balconies that unveil captivating 360-degree views of the marina and the ocean, providing an idyllic backdrop to the epitome of luxury living in Dubai.</span></span></p>', '2023-10-31', 'Dubai', '55.292680', '25.267410', 10, '169749582153.png', '169740389458.png', '169740389445.png', '169740389470.png', '169740389410.png', '169749582141.png', '169749582155.png', '169749582182.png', '169749582164.png', '169749582118.png', '169749582166.png', '169749582131.png', 0, '2023-10-16 06:04:54', '2023-10-26 10:16:08', 4, 4, 4462, '<iframe width=\"560\" height=\"315\" src=\"https://www.youtube.com/embed/7EHnQ0VM4KY?si=mCXHN-6o-zUtWD9r\" title=\"YouTube video player\" frameborder=\"0\" allow=\"accelerometer; autoplay; clipboard-write; encrypted-media; gyroscope; picture-in-picture; web-share\" allowfullscreen></iframe>', 'Bayview - Prime', 'Bayview by Address Resorts offers excellent connectivity to the rest of Dubai via Sheikh Zayed Road the citys', '15', '10', '20', '18', 'Emu 1', 'Emu 2', 'Emu 31', 'Emu 44', 'Emu 54', 'Emu 6gh');
INSERT INTO `off_plans` VALUES (22, 'Quidem soluta ipsa', '954', '60 / 40', 4, 'Tenetur minus sunt r', 1, 2, 'Bayview by Address Resorts offers a luxurious haven that seamlessly combines the allure of coastal living with the opulence of a 5-star resort.', NULL, '2023-12-31', 'Mollitia ducimus vo', 'Ea cum consectetur', 'Mollitia et ut deser', 20, '169790060957.png', '169790060987.jpg', '169790060927.jpg', '169790060913.jpg', '169790060928.jpg', '169790060953.jpg', '169790060936.jpg', '169790060928.jpg', '169790060936.jpg', '169790060922.jpg', '169790060992.jpg', '169790060964.png', 0, '2023-10-22 00:03:29', '2023-10-23 21:18:57', 1, 1, 365, '<iframe width=\"560\" height=\"315\" src=\"https://www.youtube.com/embed/6_8_nFr8K9o?si=jdD8UKX9Qim0itlk\" title=\"YouTube video player\" frameborder=\"0\" allow=\"accelerometer; autoplay; clipboard-write; encrypted-media; gyroscope; picture-in-picture; web-share\" allowfullscreen=\"\"></iframe>', 'Consequatur Dolor u', 'Fuga Totam suscipit', 'Quidem voluptas et e', 'Veniam fugiat reici', 'Saepe quia consequat', 'Et ab ut minus aute', NULL, NULL, NULL, NULL, NULL, NULL);
INSERT INTO `off_plans` VALUES (28, 'Model 2', '515', '20 / 30', 3, 'Quibusdam accusantiu', 1, 2, 'Doloribus ab dolore', NULL, '2003-01-31', 'Ut nostrum est iste', 'Totam commodo possim', 'Assumenda est id mod', 93, '169808214764.jpg', '169808214731.jpg', '169808214711.jpg', '1698082147100.jpg', '169808214747.jpg', '169808214762.jpg', '169808214731.jpg', '169808214781.jpg', '169808214724.jpg', '', '169808214749.jpg', '169808214716.jpg', 0, '2023-10-22 17:15:17', '2023-10-26 10:25:18', 1, 9, 99, '<iframe width=\"560\" height=\"315\" src=\"https://www.youtube.com/embed/6_8_nFr8K9o?si=jdD8UKX9Qim0itlk\" title=\"YouTube video player\" frameborder=\"0\" allow=\"accelerometer; autoplay; clipboard-write; encrypted-media; gyroscope; picture-in-picture; web-share\" allowfullscreen=\"\"></iframe>', 'Ideal Location', 'Dolor asperiores qui', '', '', '', '', NULL, NULL, NULL, NULL, '', NULL);
INSERT INTO `off_plans` VALUES (29, 'Residential project', '965', '30 / 70', 1, 'Possimus sit sit r', 2, 1, 'Sed necessitatibus e', NULL, '2022-12-15', 'Rem nobis minima est', 'Est minim in volupt', 'Illum sint omnis om', 87, '169806381538.jpg', '169806381564.jpg', '169806381548.jpg', '1698063815100.jpg', '169806381537.jpg', '169806381512.jpg', '169806381517.jpg', '169806381540.jpg', '169806381554.jpg', '169806381522.jpg', '169806381550.jpg', '169806381573.jpg', 0, '2023-10-23 21:23:35', '2023-10-23 21:23:35', 3, 4, 39, '<iframe width=\"560\" height=\"315\" src=\"https://www.youtube.com/embed/6_8_nFr8K9o?si=jdD8UKX9Qim0itlk\" title=\"YouTube video player\" frameborder=\"0\" allow=\"accelerometer; autoplay; clipboard-write; encrypted-media; gyroscope; picture-in-picture; web-share\" allowfullscreen=\"\"></iframe>', 'Odio aliquip sunt si', 'Deleniti quidem ea d', '', '', '', '', NULL, NULL, NULL, NULL, NULL, NULL);

-- ----------------------------
-- Table structure for password_resets
-- ----------------------------
DROP TABLE IF EXISTS `password_resets`;
CREATE TABLE `password_resets`  (
  `email` varchar(255) CHARACTER SET utf8mb4 COLLATE utf8mb4_unicode_ci NOT NULL,
  `token` varchar(255) CHARACTER SET utf8mb4 COLLATE utf8mb4_unicode_ci NOT NULL,
  `created_at` timestamp(0) NULL DEFAULT NULL
) ENGINE = InnoDB CHARACTER SET = utf8mb4 COLLATE = utf8mb4_unicode_ci ROW_FORMAT = Compact;

-- ----------------------------
-- Table structure for personal_access_tokens
-- ----------------------------
DROP TABLE IF EXISTS `personal_access_tokens`;
CREATE TABLE `personal_access_tokens`  (
  `id` bigint(20) UNSIGNED NOT NULL,
  `tokenable_type` varchar(255) CHARACTER SET utf8mb4 COLLATE utf8mb4_unicode_ci NOT NULL,
  `tokenable_id` bigint(20) UNSIGNED NOT NULL,
  `name` varchar(255) CHARACTER SET utf8mb4 COLLATE utf8mb4_unicode_ci NOT NULL,
  `token` varchar(64) CHARACTER SET utf8mb4 COLLATE utf8mb4_unicode_ci NOT NULL,
  `abilities` text CHARACTER SET utf8mb4 COLLATE utf8mb4_unicode_ci NULL,
  `last_used_at` timestamp(0) NULL DEFAULT NULL,
  `created_at` timestamp(0) NULL DEFAULT NULL,
  `updated_at` timestamp(0) NULL DEFAULT NULL
) ENGINE = InnoDB CHARACTER SET = utf8mb4 COLLATE = utf8mb4_unicode_ci ROW_FORMAT = Compact;

-- ----------------------------
-- Table structure for prime_nearby_locations
-- ----------------------------
DROP TABLE IF EXISTS `prime_nearby_locations`;
CREATE TABLE `prime_nearby_locations`  (
  `id` int(10) UNSIGNED NOT NULL AUTO_INCREMENT,
  `off_plan_id` int(11) NULL DEFAULT NULL,
  `nearby_location` varchar(255) CHARACTER SET latin1 COLLATE latin1_swedish_ci NULL DEFAULT NULL,
  `distance` double(5, 0) NULL DEFAULT NULL,
  `created_at` timestamp(0) NULL DEFAULT CURRENT_TIMESTAMP,
  `updated_at` timestamp(0) NULL DEFAULT CURRENT_TIMESTAMP,
  PRIMARY KEY (`id`) USING BTREE
) ENGINE = InnoDB AUTO_INCREMENT = 74 CHARACTER SET = latin1 COLLATE = latin1_swedish_ci ROW_FORMAT = Compact;

-- ----------------------------
-- Records of prime_nearby_locations
-- ----------------------------
INSERT INTO `prime_nearby_locations` VALUES (25, 29, 'School', 5, '2023-10-23 17:23:35', '2023-10-23 17:23:35');
INSERT INTO `prime_nearby_locations` VALUES (26, 29, 'Airport', 3, '2023-10-23 17:23:35', '2023-10-23 17:23:35');
INSERT INTO `prime_nearby_locations` VALUES (36, 28, 'Hospital', 5, '2023-10-23 22:29:07', '2023-10-23 22:29:07');
INSERT INTO `prime_nearby_locations` VALUES (37, 28, 'Shopping mall', 6, '2023-10-23 22:29:07', '2023-10-23 22:29:07');
INSERT INTO `prime_nearby_locations` VALUES (71, 6, 'Airport', 3, '2023-10-26 15:16:08', '2023-10-26 15:16:08');
INSERT INTO `prime_nearby_locations` VALUES (72, 6, 'Hostel', 5, '2023-10-26 15:16:08', '2023-10-26 15:16:08');
INSERT INTO `prime_nearby_locations` VALUES (73, 6, 'Hotel', 10, '2023-10-26 15:16:08', '2023-10-26 15:16:08');

-- ----------------------------
-- Table structure for properties
-- ----------------------------
DROP TABLE IF EXISTS `properties`;
CREATE TABLE `properties`  (
  `id` int(11) UNSIGNED NOT NULL AUTO_INCREMENT,
  `agent_id` int(11) NOT NULL,
  `title` varchar(255) CHARACTER SET utf8mb4 COLLATE utf8mb4_general_ci NULL DEFAULT NULL,
  `bed_rooms` int(11) NULL DEFAULT 1,
  `bath_rooms` int(11) NOT NULL DEFAULT 1,
  `property_type` int(3) NULL DEFAULT 0,
  `property_sub_type` int(3) NULL DEFAULT NULL,
  `measurements` int(11) NOT NULL,
  `price` int(11) NOT NULL,
  `description` longtext CHARACTER SET utf8mb4 COLLATE utf8mb4_general_ci NULL,
  `tags` varchar(255) CHARACTER SET utf8mb4 COLLATE utf8mb4_general_ci NULL DEFAULT NULL,
  `longitude` varchar(255) CHARACTER SET utf8mb4 COLLATE utf8mb4_general_ci NOT NULL,
  `latitude` varchar(255) CHARACTER SET utf8mb4 COLLATE utf8mb4_general_ci NOT NULL,
  `featured` int(11) NOT NULL DEFAULT 0,
  `img1` varchar(255) CHARACTER SET utf8mb4 COLLATE utf8mb4_general_ci NULL DEFAULT NULL,
  `img2` varchar(255) CHARACTER SET utf8mb4 COLLATE utf8mb4_general_ci NULL DEFAULT NULL,
  `img3` varchar(255) CHARACTER SET utf8mb4 COLLATE utf8mb4_general_ci NULL DEFAULT NULL,
  `img4` varchar(255) CHARACTER SET utf8mb4 COLLATE utf8mb4_general_ci NULL DEFAULT NULL,
  `img5` varchar(255) CHARACTER SET utf8mb4 COLLATE utf8mb4_general_ci NULL DEFAULT NULL,
  `status` int(11) NOT NULL DEFAULT 1,
  `created_at` timestamp(0) NOT NULL DEFAULT CURRENT_TIMESTAMP,
  `updated_at` timestamp(0) NOT NULL DEFAULT CURRENT_TIMESTAMP,
  PRIMARY KEY (`id`) USING BTREE
) ENGINE = InnoDB AUTO_INCREMENT = 35 CHARACTER SET = latin1 COLLATE = latin1_swedish_ci ROW_FORMAT = Compact;

-- ----------------------------
-- Records of properties
-- ----------------------------
INSERT INTO `properties` VALUES (25, 6, 'APARTMENT FOR SALE IN PRINCESS TOWER, DUBAI MARINA', 2, 2, 1, 3, 1188, 2099888, '<p><span style=\"color: #403b45; font-family: \'Open Sans\', sans-serif; font-size: 16px; background-color: #ffffff;\">Diamond City RE offers this beautiful 2 Bed with a Stunning Sea view in Princess Tower Dubai Marina.</span><br style=\"color: #403b45; font-family: \'Open Sans\', sans-serif; font-feature-settings: unset; font-kerning: unset; font-optical-sizing: unset; font-palette: unset; font-size: 16px; font-stretch: unset; font-synthesis: unset; font-variant-alternates: unset; font-variant-east-asian: unset; font-variant-numeric: unset; font-variant-position: unset; font-variation-settings: unset; forced-color-adjust: unset; text-orientation: unset; text-rendering: unset; -webkit-font-smoothing: unset; -webkit-locale: unset; -webkit-text-orientation: unset; -webkit-writing-mode: unset; writing-mode: unset; zoom: unset; accent-color: unset; place-content: unset; place-items: unset; place-self: unset; alignment-baseline: unset; animation-composition: unset; animation: unset; app-region: unset; appearance: unset; aspect-ratio: unset; backdrop-filter: unset; backface-visibility: unset; background-attachment: unset; background-blend-mode: unset; background-clip: unset; background-color: #ffffff; background-image: unset; background-origin: unset; background-position: unset; background-repeat: unset; background-size: unset; baseline-shift: unset; baseline-source: unset; block-size: unset; border-block: unset; border: none; border-radius: unset; border-collapse: unset; border-end-end-radius: unset; border-end-start-radius: unset; border-inline: unset; border-start-end-radius: unset; border-start-start-radius: unset; inset: unset; box-shadow: unset; box-sizing: border-box; break-after: unset; break-before: unset; break-inside: unset; buffered-rendering: unset; caption-side: unset; caret-color: unset; clear: unset; clip: unset; clip-path: unset; clip-rule: unset; color-interpolation: unset; color-interpolation-filters: unset; color-rendering: unset; color-scheme: unset; columns: unset; column-fill: unset; gap: unset; column-rule: unset; column-span: unset; contain: unset; contain-intrinsic-block-size: unset; contain-intrinsic-size: unset; contain-intrinsic-inline-size: unset; container: unset; content: unset; content-visibility: unset; counter-increment: unset; counter-reset: unset; counter-set: unset; cursor: unset; cx: unset; cy: unset; d: unset; display: revert; dominant-baseline: unset; empty-cells: unset; fill: unset; fill-opacity: unset; fill-rule: unset; filter: unset; flex: unset; flex-flow: unset; float: unset; flood-color: unset; flood-opacity: unset; grid: unset; grid-area: unset; height: unset; hyphenate-character: unset; hyphenate-limit-chars: unset; hyphens: unset; image-orientation: unset; image-rendering: unset; initial-letter: unset; inline-size: unset; inset-block: unset; inset-inline: unset; isolation: unset; lighting-color: unset; line-break: unset; line-height: unset; list-style: unset; margin-block: unset; margin: 0px; margin-inline: unset; marker: unset; mask: unset; mask-type: unset; math-depth: unset; math-shift: unset; math-style: unset; max-block-size: unset; max-height: unset; max-inline-size: unset; max-width: unset; min-block-size: unset; min-height: unset; min-inline-size: unset; min-width: unset; mix-blend-mode: unset; object-fit: unset; object-position: unset; object-view-box: unset; offset: unset; opacity: unset; order: unset; outline: 0px; outline-offset: unset; overflow-anchor: unset; overflow-clip-margin: unset; overflow-wrap: unset; overflow: unset; overlay: unset; overscroll-behavior-block: unset; overscroll-behavior-inline: unset; overscroll-behavior: unset; padding-block: unset; padding: 0px; padding-inline: unset; page: unset; page-orientation: unset; paint-order: unset; perspective: unset; perspective-origin: unset; pointer-events: unset; position: unset; quotes: unset; r: unset; resize: unset; rotate: unset; ruby-position: unset; rx: unset; ry: unset; scale: unset; scroll-behavior: unset; scroll-margin-block: unset; scroll-margin: unset; scroll-margin-inline: unset; scroll-padding-block: unset; scroll-padding: unset; scroll-padding-inline: unset; scroll-snap-align: unset; scroll-snap-stop: unset; scroll-snap-type: unset; scroll-timeline: unset; scrollbar-gutter: unset; shape-image-threshold: unset; shape-margin: unset; shape-outside: unset; shape-rendering: unset; size: unset; speak: unset; stop-color: unset; stop-opacity: unset; stroke: unset; stroke-dasharray: unset; stroke-dashoffset: unset; stroke-linecap: unset; stroke-linejoin: unset; stroke-miterlimit: unset; stroke-opacity: unset; stroke-width: unset; tab-size: unset; table-layout: unset; text-align-last: unset; text-anchor: unset; text-combine-upright: unset; text-decoration-line: unset; text-decoration-skip-ink: unset; text-emphasis: unset; text-emphasis-position: unset; text-overflow: unset; text-shadow: unset; text-size-adjust: unset; text-underline-offset: unset; text-underline-position: unset; timeline-scope: unset; touch-action: unset; transform: unset; transform-box: unset; transform-origin: unset; transform-style: unset; transition: unset; translate: unset; user-select: unset; vector-effect: unset; vertical-align: unset; view-timeline: unset; view-timeline-inset: unset; view-transition-name: unset; visibility: unset; border-spacing: unset; -webkit-box-align: unset; -webkit-box-decoration-break: unset; -webkit-box-direction: unset; -webkit-box-flex: unset; -webkit-box-ordinal-group: unset; -webkit-box-orient: unset; -webkit-box-pack: unset; -webkit-box-reflect: unset; -webkit-line-break: unset; -webkit-line-clamp: unset; -webkit-mask-box-image: unset; -webkit-mask: unset; -webkit-mask-composite: unset; -webkit-print-color-adjust: unset; -webkit-rtl-ordering: unset; -webkit-ruby-position: unset; -webkit-tap-highlight-color: unset; -webkit-text-combine: unset; -webkit-text-decorations-in-effect: unset; -webkit-text-fill-color: unset; -webkit-text-security: unset; -webkit-text-stroke-color: unset; -webkit-user-drag: unset; -webkit-user-modify: unset; width: unset; will-change: unset; word-break: unset; x: unset; y: unset; z-index: unset;\" /><span style=\"color: #403b45; font-family: \'Open Sans\', sans-serif; font-size: 16px; background-color: #ffffff;\">Available for viewing.</span></p>\r\n<p><span style=\"color: #403b45; font-family: \'Open Sans\', sans-serif; font-size: 16px; background-color: #ffffff;\">Princess Tower is recognized as the world\'s tallest residential building. It has 100 floors above ground. Residents have a choice of one, two, or three bedrooms. You\'ll definitely feel that you are on top of the world</span></p>', 'buy', '55.14685069985762', '25.08857575', 1, '169740756269.png', '169740756215.png', '169740756259.png', '169740756245.png', '169740756214.png', 1, '2023-10-16 07:06:02', '2023-10-23 01:09:58');
INSERT INTO `properties` VALUES (26, 6, 'APARTMENT FOR SALE IN BURJ KHALIFA, BURJ KHALIFA AREA', 2, 3, 0, NULL, 1546, 3999888, '<p><span style=\"color: #403b45; font-family: \'Open Sans\', sans-serif; font-size: 16px; background-color: #ffffff;\">Diamond City Real Estate is pleased to present you with this two-bedroom apartment located in the heart of Downtown Dubai, Burj Khalifa.<br /></span><span style=\"color: #403b45; font-family: \'Open Sans\', sans-serif; font-size: 16px; background-color: #ffffff;\">The Tower and the area around it are more centrally located than any other new construction in Dubai. Burj Khalifa\'s mixed-use scheme, located in the heart of a brand-new downtown neighborhood, concentrates on the area\'s development density and offers easy access to public transportation.</span><br style=\"color: #403b45; font-family: \'Open Sans\', sans-serif; font-feature-settings: unset; font-kerning: unset; font-optical-sizing: unset; font-palette: unset; font-size: 16px; font-stretch: unset; font-synthesis: unset; font-variant-alternates: unset; font-variant-east-asian: unset; font-variant-numeric: unset; font-variant-position: unset; font-variation-settings: unset; forced-color-adjust: unset; text-orientation: unset; text-rendering: unset; -webkit-font-smoothing: unset; -webkit-locale: unset; -webkit-text-orientation: unset; -webkit-writing-mode: unset; writing-mode: unset; zoom: unset; accent-color: unset; place-content: unset; place-items: unset; place-self: unset; alignment-baseline: unset; animation-composition: unset; animation: unset; app-region: unset; appearance: unset; aspect-ratio: unset; backdrop-filter: unset; backface-visibility: unset; background-attachment: unset; background-blend-mode: unset; background-clip: unset; background-color: #ffffff; background-image: unset; background-origin: unset; background-position: unset; background-repeat: unset; background-size: unset; baseline-shift: unset; baseline-source: unset; block-size: unset; border-block: unset; border: none; border-radius: unset; border-collapse: unset; border-end-end-radius: unset; border-end-start-radius: unset; border-inline: unset; border-start-end-radius: unset; border-start-start-radius: unset; inset: unset; box-shadow: unset; box-sizing: border-box; break-after: unset; break-before: unset; break-inside: unset; buffered-rendering: unset; caption-side: unset; caret-color: unset; clear: unset; clip: unset; clip-path: unset; clip-rule: unset; color-interpolation: unset; color-interpolation-filters: unset; color-rendering: unset; color-scheme: unset; columns: unset; column-fill: unset; gap: unset; column-rule: unset; column-span: unset; contain: unset; contain-intrinsic-block-size: unset; contain-intrinsic-size: unset; contain-intrinsic-inline-size: unset; container: unset; content: unset; content-visibility: unset; counter-increment: unset; counter-reset: unset; counter-set: unset; cursor: unset; cx: unset; cy: unset; d: unset; display: revert; dominant-baseline: unset; empty-cells: unset; fill: unset; fill-opacity: unset; fill-rule: unset; filter: unset; flex: unset; flex-flow: unset; float: unset; flood-color: unset; flood-opacity: unset; grid: unset; grid-area: unset; height: unset; hyphenate-character: unset; hyphenate-limit-chars: unset; hyphens: unset; image-orientation: unset; image-rendering: unset; initial-letter: unset; inline-size: unset; inset-block: unset; inset-inline: unset; isolation: unset; lighting-color: unset; line-break: unset; line-height: unset; list-style: unset; margin-block: unset; margin: 0px; margin-inline: unset; marker: unset; mask: unset; mask-type: unset; math-depth: unset; math-shift: unset; math-style: unset; max-block-size: unset; max-height: unset; max-inline-size: unset; max-width: unset; min-block-size: unset; min-height: unset; min-inline-size: unset; min-width: unset; mix-blend-mode: unset; object-fit: unset; object-position: unset; object-view-box: unset; offset: unset; opacity: unset; order: unset; outline: 0px; outline-offset: unset; overflow-anchor: unset; overflow-clip-margin: unset; overflow-wrap: unset; overflow: unset; overlay: unset; overscroll-behavior-block: unset; overscroll-behavior-inline: unset; overscroll-behavior: unset; padding-block: unset; padding: 0px; padding-inline: unset; page: unset; page-orientation: unset; paint-order: unset; perspective: unset; perspective-origin: unset; pointer-events: unset; position: unset; quotes: unset; r: unset; resize: unset; rotate: unset; ruby-position: unset; rx: unset; ry: unset; scale: unset; scroll-behavior: unset; scroll-margin-block: unset; scroll-margin: unset; scroll-margin-inline: unset; scroll-padding-block: unset; scroll-padding: unset; scroll-padding-inline: unset; scroll-snap-align: unset; scroll-snap-stop: unset; scroll-snap-type: unset; scroll-timeline: unset; scrollbar-gutter: unset; shape-image-threshold: unset; shape-margin: unset; shape-outside: unset; shape-rendering: unset; size: unset; speak: unset; stop-color: unset; stop-opacity: unset; stroke: unset; stroke-dasharray: unset; stroke-dashoffset: unset; stroke-linecap: unset; stroke-linejoin: unset; stroke-miterlimit: unset; stroke-opacity: unset; stroke-width: unset; tab-size: unset; table-layout: unset; text-align-last: unset; text-anchor: unset; text-combine-upright: unset; text-decoration-line: unset; text-decoration-skip-ink: unset; text-emphasis: unset; text-emphasis-position: unset; text-overflow: unset; text-shadow: unset; text-size-adjust: unset; text-underline-offset: unset; text-underline-position: unset; timeline-scope: unset; touch-action: unset; transform: unset; transform-box: unset; transform-origin: unset; transform-style: unset; transition: unset; translate: unset; user-select: unset; vector-effect: unset; vertical-align: unset; view-timeline: unset; view-timeline-inset: unset; view-transition-name: unset; visibility: unset; border-spacing: unset; -webkit-box-align: unset; -webkit-box-decoration-break: unset; -webkit-box-direction: unset; -webkit-box-flex: unset; -webkit-box-ordinal-group: unset; -webkit-box-orient: unset; -webkit-box-pack: unset; -webkit-box-reflect: unset; -webkit-line-break: unset; -webkit-line-clamp: unset; -webkit-mask-box-image: unset; -webkit-mask: unset; -webkit-mask-composite: unset; -webkit-print-color-adjust: unset; -webkit-rtl-ordering: unset; -webkit-ruby-position: unset; -webkit-tap-highlight-color: unset; -webkit-text-combine: unset; -webkit-text-decorations-in-effect: unset; -webkit-text-fill-color: unset; -webkit-text-security: unset; -webkit-text-stroke-color: unset; -webkit-user-drag: unset; -webkit-user-modify: unset; width: unset; will-change: unset; word-break: unset; x: unset; y: unset; z-index: unset;\" /><br style=\"color: #403b45; font-family: \'Open Sans\', sans-serif; font-feature-settings: unset; font-kerning: unset; font-optical-sizing: unset; font-palette: unset; font-size: 16px; font-stretch: unset; font-synthesis: unset; font-variant-alternates: unset; font-variant-east-asian: unset; font-variant-numeric: unset; font-variant-position: unset; font-variation-settings: unset; forced-color-adjust: unset; text-orientation: unset; text-rendering: unset; -webkit-font-smoothing: unset; -webkit-locale: unset; -webkit-text-orientation: unset; -webkit-writing-mode: unset; writing-mode: unset; zoom: unset; accent-color: unset; place-content: unset; place-items: unset; place-self: unset; alignment-baseline: unset; animation-composition: unset; animation: unset; app-region: unset; appearance: unset; aspect-ratio: unset; backdrop-filter: unset; backface-visibility: unset; background-attachment: unset; background-blend-mode: unset; background-clip: unset; background-color: #ffffff; background-image: unset; background-origin: unset; background-position: unset; background-repeat: unset; background-size: unset; baseline-shift: unset; baseline-source: unset; block-size: unset; border-block: unset; border: none; border-radius: unset; border-collapse: unset; border-end-end-radius: unset; border-end-start-radius: unset; border-inline: unset; border-start-end-radius: unset; border-start-start-radius: unset; inset: unset; box-shadow: unset; box-sizing: border-box; break-after: unset; break-before: unset; break-inside: unset; buffered-rendering: unset; caption-side: unset; caret-color: unset; clear: unset; clip: unset; clip-path: unset; clip-rule: unset; color-interpolation: unset; color-interpolation-filters: unset; color-rendering: unset; color-scheme: unset; columns: unset; column-fill: unset; gap: unset; column-rule: unset; column-span: unset; contain: unset; contain-intrinsic-block-size: unset; contain-intrinsic-size: unset; contain-intrinsic-inline-size: unset; container: unset; content: unset; content-visibility: unset; counter-increment: unset; counter-reset: unset; counter-set: unset; cursor: unset; cx: unset; cy: unset; d: unset; display: revert; dominant-baseline: unset; empty-cells: unset; fill: unset; fill-opacity: unset; fill-rule: unset; filter: unset; flex: unset; flex-flow: unset; float: unset; flood-color: unset; flood-opacity: unset; grid: unset; grid-area: unset; height: unset; hyphenate-character: unset; hyphenate-limit-chars: unset; hyphens: unset; image-orientation: unset; image-rendering: unset; initial-letter: unset; inline-size: unset; inset-block: unset; inset-inline: unset; isolation: unset; lighting-color: unset; line-break: unset; line-height: unset; list-style: unset; margin-block: unset; margin: 0px; margin-inline: unset; marker: unset; mask: unset; mask-type: unset; math-depth: unset; math-shift: unset; math-style: unset; max-block-size: unset; max-height: unset; max-inline-size: unset; max-width: unset; min-block-size: unset; min-height: unset; min-inline-size: unset; min-width: unset; mix-blend-mode: unset; object-fit: unset; object-position: unset; object-view-box: unset; offset: unset; opacity: unset; order: unset; outline: 0px; outline-offset: unset; overflow-anchor: unset; overflow-clip-margin: unset; overflow-wrap: unset; overflow: unset; overlay: unset; overscroll-behavior-block: unset; overscroll-behavior-inline: unset; overscroll-behavior: unset; padding-block: unset; padding: 0px; padding-inline: unset; page: unset; page-orientation: unset; paint-order: unset; perspective: unset; perspective-origin: unset; pointer-events: unset; position: unset; quotes: unset; r: unset; resize: unset; rotate: unset; ruby-position: unset; rx: unset; ry: unset; scale: unset; scroll-behavior: unset; scroll-margin-block: unset; scroll-margin: unset; scroll-margin-inline: unset; scroll-padding-block: unset; scroll-padding: unset; scroll-padding-inline: unset; scroll-snap-align: unset; scroll-snap-stop: unset; scroll-snap-type: unset; scroll-timeline: unset; scrollbar-gutter: unset; shape-image-threshold: unset; shape-margin: unset; shape-outside: unset; shape-rendering: unset; size: unset; speak: unset; stop-color: unset; stop-opacity: unset; stroke: unset; stroke-dasharray: unset; stroke-dashoffset: unset; stroke-linecap: unset; stroke-linejoin: unset; stroke-miterlimit: unset; stroke-opacity: unset; stroke-width: unset; tab-size: unset; table-layout: unset; text-align-last: unset; text-anchor: unset; text-combine-upright: unset; text-decoration-line: unset; text-decoration-skip-ink: unset; text-emphasis: unset; text-emphasis-position: unset; text-overflow: unset; text-shadow: unset; text-size-adjust: unset; text-underline-offset: unset; text-underline-position: unset; timeline-scope: unset; touch-action: unset; transform: unset; transform-box: unset; transform-origin: unset; transform-style: unset; transition: unset; translate: unset; user-select: unset; vector-effect: unset; vertical-align: unset; view-timeline: unset; view-timeline-inset: unset; view-transition-name: unset; visibility: unset; border-spacing: unset; -webkit-box-align: unset; -webkit-box-decoration-break: unset; -webkit-box-direction: unset; -webkit-box-flex: unset; -webkit-box-ordinal-group: unset; -webkit-box-orient: unset; -webkit-box-pack: unset; -webkit-box-reflect: unset; -webkit-line-break: unset; -webkit-line-clamp: unset; -webkit-mask-box-image: unset; -webkit-mask: unset; -webkit-mask-composite: unset; -webkit-print-color-adjust: unset; -webkit-rtl-ordering: unset; -webkit-ruby-position: unset; -webkit-tap-highlight-color: unset; -webkit-text-combine: unset; -webkit-text-decorations-in-effect: unset; -webkit-text-fill-color: unset; -webkit-text-security: unset; -webkit-text-stroke-color: unset; -webkit-user-drag: unset; -webkit-user-modify: unset; width: unset; will-change: unset; word-break: unset; x: unset; y: unset; z-index: unset;\" /><span style=\"color: #403b45; font-family: \'Open Sans\', sans-serif; font-size: 16px; background-color: #ffffff;\">Diamond City Real Estate is your trusted partner in navigating the dynamic landscape of the UAE real estate market. With an illustrious journey spanning 20 years, we have honed our expertise to become leaders in various facets of the industry, including sales, off-plan ventures, rentals, commercial spaces, and property management. Our dedicated team comprises RERA-qualified brokers, ensuring the highest standards of professionalism and knowledge. At Diamond City, our unwavering focus revolves around our clients &ndash; their dreams, aspirations, and financial growth. We are committed to not just finding properties, but to crafting investment opportunities that yield the utmost returns.</span></p>', 'buy', '55.14685069985762', '25.08857575', 1, '169740828755.png', '169740828769.png', '169740828755.png', '169740828747.png', '169740828731.png', 1, '2023-10-16 07:18:07', '2023-10-16 07:18:07');
INSERT INTO `properties` VALUES (27, 6, 'APARTMENT FOR SALE IN LAKE TERRACE, LAKE ALMAS EAST', 1, 1, 0, NULL, 753, 1029888, '<p><span style=\"color: #403b45; font-family: \'Open Sans\', sans-serif; font-size: 16px; background-color: #ffffff;\">DIAMOND CITY REAL ESTATE is presenting this beautifully furnished one-bedroom apartment with a lake and road view</span></p>\r\n<p><span style=\"color: #403b45; font-family: \'Open Sans\', sans-serif; font-size: 16px; background-color: #ffffff;\">JLT is a community filled with high-rise residential and commercial buildings and man-made waterways. Residents of Lake Terrace enjoy all the convenience of living in the heart of the JLT, surrounded by cafes, restaurants, salons, and breathtaking views. Right by DMCC metro station, within walking distance to Marina, and easy access to SZR.</span></p>', 'buy', '55.141086726971594', '25.0701073', 0, '169740862332.png', '169740862351.png', '169740862327.png', '169740862376.png', '169740862374.png', 1, '2023-10-16 07:23:43', '2023-10-16 07:23:43');
INSERT INTO `properties` VALUES (28, 6, 'APARTMENT FOR SALE IN MINA BY AZIZI, PALM JUMEIRAH', 4, 6, 0, NULL, 5824, 17500000, '<p><span style=\"color: #403b45; font-family: \'Open Sans\', sans-serif; font-size: 16px; background-color: #ffffff;\">Diamond City Real Estate is pleased to present you with this Luxury Penthouse in Palm Jumeirah with a stunning Panoramic View.</span></p>\r\n<p><span style=\"color: #403b45; font-family: \'Open Sans\', sans-serif; font-size: 16px; background-color: #ffffff;\">Key Features:</span><br style=\"color: #403b45; font-family: \'Open Sans\', sans-serif; font-feature-settings: unset; font-kerning: unset; font-optical-sizing: unset; font-palette: unset; font-size: 16px; font-stretch: unset; font-synthesis: unset; font-variant-alternates: unset; font-variant-east-asian: unset; font-variant-numeric: unset; font-variant-position: unset; font-variation-settings: unset; forced-color-adjust: unset; text-orientation: unset; text-rendering: unset; -webkit-font-smoothing: unset; -webkit-locale: unset; -webkit-text-orientation: unset; -webkit-writing-mode: unset; writing-mode: unset; zoom: unset; accent-color: unset; place-content: unset; place-items: unset; place-self: unset; alignment-baseline: unset; animation-composition: unset; animation: unset; app-region: unset; appearance: unset; aspect-ratio: unset; backdrop-filter: unset; backface-visibility: unset; background-attachment: unset; background-blend-mode: unset; background-clip: unset; background-color: #ffffff; background-image: unset; background-origin: unset; background-position: unset; background-repeat: unset; background-size: unset; baseline-shift: unset; baseline-source: unset; block-size: unset; border-block: unset; border: none; border-radius: unset; border-collapse: unset; border-end-end-radius: unset; border-end-start-radius: unset; border-inline: unset; border-start-end-radius: unset; border-start-start-radius: unset; inset: unset; box-shadow: unset; box-sizing: border-box; break-after: unset; break-before: unset; break-inside: unset; buffered-rendering: unset; caption-side: unset; caret-color: unset; clear: unset; clip: unset; clip-path: unset; clip-rule: unset; color-interpolation: unset; color-interpolation-filters: unset; color-rendering: unset; color-scheme: unset; columns: unset; column-fill: unset; gap: unset; column-rule: unset; column-span: unset; contain: unset; contain-intrinsic-block-size: unset; contain-intrinsic-size: unset; contain-intrinsic-inline-size: unset; container: unset; content: unset; content-visibility: unset; counter-increment: unset; counter-reset: unset; counter-set: unset; cursor: unset; cx: unset; cy: unset; d: unset; display: revert; dominant-baseline: unset; empty-cells: unset; fill: unset; fill-opacity: unset; fill-rule: unset; filter: unset; flex: unset; flex-flow: unset; float: unset; flood-color: unset; flood-opacity: unset; grid: unset; grid-area: unset; height: unset; hyphenate-character: unset; hyphenate-limit-chars: unset; hyphens: unset; image-orientation: unset; image-rendering: unset; initial-letter: unset; inline-size: unset; inset-block: unset; inset-inline: unset; isolation: unset; lighting-color: unset; line-break: unset; line-height: unset; list-style: unset; margin-block: unset; margin: 0px; margin-inline: unset; marker: unset; mask: unset; mask-type: unset; math-depth: unset; math-shift: unset; math-style: unset; max-block-size: unset; max-height: unset; max-inline-size: unset; max-width: unset; min-block-size: unset; min-height: unset; min-inline-size: unset; min-width: unset; mix-blend-mode: unset; object-fit: unset; object-position: unset; object-view-box: unset; offset: unset; opacity: unset; order: unset; outline: 0px; outline-offset: unset; overflow-anchor: unset; overflow-clip-margin: unset; overflow-wrap: unset; overflow: unset; overlay: unset; overscroll-behavior-block: unset; overscroll-behavior-inline: unset; overscroll-behavior: unset; padding-block: unset; padding: 0px; padding-inline: unset; page: unset; page-orientation: unset; paint-order: unset; perspective: unset; perspective-origin: unset; pointer-events: unset; position: unset; quotes: unset; r: unset; resize: unset; rotate: unset; ruby-position: unset; rx: unset; ry: unset; scale: unset; scroll-behavior: unset; scroll-margin-block: unset; scroll-margin: unset; scroll-margin-inline: unset; scroll-padding-block: unset; scroll-padding: unset; scroll-padding-inline: unset; scroll-snap-align: unset; scroll-snap-stop: unset; scroll-snap-type: unset; scroll-timeline: unset; scrollbar-gutter: unset; shape-image-threshold: unset; shape-margin: unset; shape-outside: unset; shape-rendering: unset; size: unset; speak: unset; stop-color: unset; stop-opacity: unset; stroke: unset; stroke-dasharray: unset; stroke-dashoffset: unset; stroke-linecap: unset; stroke-linejoin: unset; stroke-miterlimit: unset; stroke-opacity: unset; stroke-width: unset; tab-size: unset; table-layout: unset; text-align-last: unset; text-anchor: unset; text-combine-upright: unset; text-decoration-line: unset; text-decoration-skip-ink: unset; text-emphasis: unset; text-emphasis-position: unset; text-overflow: unset; text-shadow: unset; text-size-adjust: unset; text-underline-offset: unset; text-underline-position: unset; timeline-scope: unset; touch-action: unset; transform: unset; transform-box: unset; transform-origin: unset; transform-style: unset; transition: unset; translate: unset; user-select: unset; vector-effect: unset; vertical-align: unset; view-timeline: unset; view-timeline-inset: unset; view-transition-name: unset; visibility: unset; border-spacing: unset; -webkit-box-align: unset; -webkit-box-decoration-break: unset; -webkit-box-direction: unset; -webkit-box-flex: unset; -webkit-box-ordinal-group: unset; -webkit-box-orient: unset; -webkit-box-pack: unset; -webkit-box-reflect: unset; -webkit-line-break: unset; -webkit-line-clamp: unset; -webkit-mask-box-image: unset; -webkit-mask: unset; -webkit-mask-composite: unset; -webkit-print-color-adjust: unset; -webkit-rtl-ordering: unset; -webkit-ruby-position: unset; -webkit-tap-highlight-color: unset; -webkit-text-combine: unset; -webkit-text-decorations-in-effect: unset; -webkit-text-fill-color: unset; -webkit-text-security: unset; -webkit-text-stroke-color: unset; -webkit-user-drag: unset; -webkit-user-modify: unset; width: unset; will-change: unset; word-break: unset; x: unset; y: unset; z-index: unset;\" /><span style=\"color: #403b45; font-family: \'Open Sans\', sans-serif; font-size: 16px; background-color: #ffffff;\">&bull; Located on the East Crescent of Palm Jumeirah</span><br style=\"color: #403b45; font-family: \'Open Sans\', sans-serif; font-feature-settings: unset; font-kerning: unset; font-optical-sizing: unset; font-palette: unset; font-size: 16px; font-stretch: unset; font-synthesis: unset; font-variant-alternates: unset; font-variant-east-asian: unset; font-variant-numeric: unset; font-variant-position: unset; font-variation-settings: unset; forced-color-adjust: unset; text-orientation: unset; text-rendering: unset; -webkit-font-smoothing: unset; -webkit-locale: unset; -webkit-text-orientation: unset; -webkit-writing-mode: unset; writing-mode: unset; zoom: unset; accent-color: unset; place-content: unset; place-items: unset; place-self: unset; alignment-baseline: unset; animation-composition: unset; animation: unset; app-region: unset; appearance: unset; aspect-ratio: unset; backdrop-filter: unset; backface-visibility: unset; background-attachment: unset; background-blend-mode: unset; background-clip: unset; background-color: #ffffff; background-image: unset; background-origin: unset; background-position: unset; background-repeat: unset; background-size: unset; baseline-shift: unset; baseline-source: unset; block-size: unset; border-block: unset; border: none; border-radius: unset; border-collapse: unset; border-end-end-radius: unset; border-end-start-radius: unset; border-inline: unset; border-start-end-radius: unset; border-start-start-radius: unset; inset: unset; box-shadow: unset; box-sizing: border-box; break-after: unset; break-before: unset; break-inside: unset; buffered-rendering: unset; caption-side: unset; caret-color: unset; clear: unset; clip: unset; clip-path: unset; clip-rule: unset; color-interpolation: unset; color-interpolation-filters: unset; color-rendering: unset; color-scheme: unset; columns: unset; column-fill: unset; gap: unset; column-rule: unset; column-span: unset; contain: unset; contain-intrinsic-block-size: unset; contain-intrinsic-size: unset; contain-intrinsic-inline-size: unset; container: unset; content: unset; content-visibility: unset; counter-increment: unset; counter-reset: unset; counter-set: unset; cursor: unset; cx: unset; cy: unset; d: unset; display: revert; dominant-baseline: unset; empty-cells: unset; fill: unset; fill-opacity: unset; fill-rule: unset; filter: unset; flex: unset; flex-flow: unset; float: unset; flood-color: unset; flood-opacity: unset; grid: unset; grid-area: unset; height: unset; hyphenate-character: unset; hyphenate-limit-chars: unset; hyphens: unset; image-orientation: unset; image-rendering: unset; initial-letter: unset; inline-size: unset; inset-block: unset; inset-inline: unset; isolation: unset; lighting-color: unset; line-break: unset; line-height: unset; list-style: unset; margin-block: unset; margin: 0px; margin-inline: unset; marker: unset; mask: unset; mask-type: unset; math-depth: unset; math-shift: unset; math-style: unset; max-block-size: unset; max-height: unset; max-inline-size: unset; max-width: unset; min-block-size: unset; min-height: unset; min-inline-size: unset; min-width: unset; mix-blend-mode: unset; object-fit: unset; object-position: unset; object-view-box: unset; offset: unset; opacity: unset; order: unset; outline: 0px; outline-offset: unset; overflow-anchor: unset; overflow-clip-margin: unset; overflow-wrap: unset; overflow: unset; overlay: unset; overscroll-behavior-block: unset; overscroll-behavior-inline: unset; overscroll-behavior: unset; padding-block: unset; padding: 0px; padding-inline: unset; page: unset; page-orientation: unset; paint-order: unset; perspective: unset; perspective-origin: unset; pointer-events: unset; position: unset; quotes: unset; r: unset; resize: unset; rotate: unset; ruby-position: unset; rx: unset; ry: unset; scale: unset; scroll-behavior: unset; scroll-margin-block: unset; scroll-margin: unset; scroll-margin-inline: unset; scroll-padding-block: unset; scroll-padding: unset; scroll-padding-inline: unset; scroll-snap-align: unset; scroll-snap-stop: unset; scroll-snap-type: unset; scroll-timeline: unset; scrollbar-gutter: unset; shape-image-threshold: unset; shape-margin: unset; shape-outside: unset; shape-rendering: unset; size: unset; speak: unset; stop-color: unset; stop-opacity: unset; stroke: unset; stroke-dasharray: unset; stroke-dashoffset: unset; stroke-linecap: unset; stroke-linejoin: unset; stroke-miterlimit: unset; stroke-opacity: unset; stroke-width: unset; tab-size: unset; table-layout: unset; text-align-last: unset; text-anchor: unset; text-combine-upright: unset; text-decoration-line: unset; text-decoration-skip-ink: unset; text-emphasis: unset; text-emphasis-position: unset; text-overflow: unset; text-shadow: unset; text-size-adjust: unset; text-underline-offset: unset; text-underline-position: unset; timeline-scope: unset; touch-action: unset; transform: unset; transform-box: unset; transform-origin: unset; transform-style: unset; transition: unset; translate: unset; user-select: unset; vector-effect: unset; vertical-align: unset; view-timeline: unset; view-timeline-inset: unset; view-transition-name: unset; visibility: unset; border-spacing: unset; -webkit-box-align: unset; -webkit-box-decoration-break: unset; -webkit-box-direction: unset; -webkit-box-flex: unset; -webkit-box-ordinal-group: unset; -webkit-box-orient: unset; -webkit-box-pack: unset; -webkit-box-reflect: unset; -webkit-line-break: unset; -webkit-line-clamp: unset; -webkit-mask-box-image: unset; -webkit-mask: unset; -webkit-mask-composite: unset; -webkit-print-color-adjust: unset; -webkit-rtl-ordering: unset; -webkit-ruby-position: unset; -webkit-tap-highlight-color: unset; -webkit-text-combine: unset; -webkit-text-decorations-in-effect: unset; -webkit-text-fill-color: unset; -webkit-text-security: unset; -webkit-text-stroke-color: unset; -webkit-user-drag: unset; -webkit-user-modify: unset; width: unset; will-change: unset; word-break: unset; x: unset; y: unset; z-index: unset;\" /><span style=\"color: #403b45; font-family: \'Open Sans\', sans-serif; font-size: 16px; background-color: #ffffff;\">&bull; Known as the eighth wonder of the world</span><br style=\"color: #403b45; font-family: \'Open Sans\', sans-serif; font-feature-settings: unset; font-kerning: unset; font-optical-sizing: unset; font-palette: unset; font-size: 16px; font-stretch: unset; font-synthesis: unset; font-variant-alternates: unset; font-variant-east-asian: unset; font-variant-numeric: unset; font-variant-position: unset; font-variation-settings: unset; forced-color-adjust: unset; text-orientation: unset; text-rendering: unset; -webkit-font-smoothing: unset; -webkit-locale: unset; -webkit-text-orientation: unset; -webkit-writing-mode: unset; writing-mode: unset; zoom: unset; accent-color: unset; place-content: unset; place-items: unset; place-self: unset; alignment-baseline: unset; animation-composition: unset; animation: unset; app-region: unset; appearance: unset; aspect-ratio: unset; backdrop-filter: unset; backface-visibility: unset; background-attachment: unset; background-blend-mode: unset; background-clip: unset; background-color: #ffffff; background-image: unset; background-origin: unset; background-position: unset; background-repeat: unset; background-size: unset; baseline-shift: unset; baseline-source: unset; block-size: unset; border-block: unset; border: none; border-radius: unset; border-collapse: unset; border-end-end-radius: unset; border-end-start-radius: unset; border-inline: unset; border-start-end-radius: unset; border-start-start-radius: unset; inset: unset; box-shadow: unset; box-sizing: border-box; break-after: unset; break-before: unset; break-inside: unset; buffered-rendering: unset; caption-side: unset; caret-color: unset; clear: unset; clip: unset; clip-path: unset; clip-rule: unset; color-interpolation: unset; color-interpolation-filters: unset; color-rendering: unset; color-scheme: unset; columns: unset; column-fill: unset; gap: unset; column-rule: unset; column-span: unset; contain: unset; contain-intrinsic-block-size: unset; contain-intrinsic-size: unset; contain-intrinsic-inline-size: unset; container: unset; content: unset; content-visibility: unset; counter-increment: unset; counter-reset: unset; counter-set: unset; cursor: unset; cx: unset; cy: unset; d: unset; display: revert; dominant-baseline: unset; empty-cells: unset; fill: unset; fill-opacity: unset; fill-rule: unset; filter: unset; flex: unset; flex-flow: unset; float: unset; flood-color: unset; flood-opacity: unset; grid: unset; grid-area: unset; height: unset; hyphenate-character: unset; hyphenate-limit-chars: unset; hyphens: unset; image-orientation: unset; image-rendering: unset; initial-letter: unset; inline-size: unset; inset-block: unset; inset-inline: unset; isolation: unset; lighting-color: unset; line-break: unset; line-height: unset; list-style: unset; margin-block: unset; margin: 0px; margin-inline: unset; marker: unset; mask: unset; mask-type: unset; math-depth: unset; math-shift: unset; math-style: unset; max-block-size: unset; max-height: unset; max-inline-size: unset; max-width: unset; min-block-size: unset; min-height: unset; min-inline-size: unset; min-width: unset; mix-blend-mode: unset; object-fit: unset; object-position: unset; object-view-box: unset; offset: unset; opacity: unset; order: unset; outline: 0px; outline-offset: unset; overflow-anchor: unset; overflow-clip-margin: unset; overflow-wrap: unset; overflow: unset; overlay: unset; overscroll-behavior-block: unset; overscroll-behavior-inline: unset; overscroll-behavior: unset; padding-block: unset; padding: 0px; padding-inline: unset; page: unset; page-orientation: unset; paint-order: unset; perspective: unset; perspective-origin: unset; pointer-events: unset; position: unset; quotes: unset; r: unset; resize: unset; rotate: unset; ruby-position: unset; rx: unset; ry: unset; scale: unset; scroll-behavior: unset; scroll-margin-block: unset; scroll-margin: unset; scroll-margin-inline: unset; scroll-padding-block: unset; scroll-padding: unset; scroll-padding-inline: unset; scroll-snap-align: unset; scroll-snap-stop: unset; scroll-snap-type: unset; scroll-timeline: unset; scrollbar-gutter: unset; shape-image-threshold: unset; shape-margin: unset; shape-outside: unset; shape-rendering: unset; size: unset; speak: unset; stop-color: unset; stop-opacity: unset; stroke: unset; stroke-dasharray: unset; stroke-dashoffset: unset; stroke-linecap: unset; stroke-linejoin: unset; stroke-miterlimit: unset; stroke-opacity: unset; stroke-width: unset; tab-size: unset; table-layout: unset; text-align-last: unset; text-anchor: unset; text-combine-upright: unset; text-decoration-line: unset; text-decoration-skip-ink: unset; text-emphasis: unset; text-emphasis-position: unset; text-overflow: unset; text-shadow: unset; text-size-adjust: unset; text-underline-offset: unset; text-underline-position: unset; timeline-scope: unset; touch-action: unset; transform: unset; transform-box: unset; transform-origin: unset; transform-style: unset; transition: unset; translate: unset; user-select: unset; vector-effect: unset; vertical-align: unset; view-timeline: unset; view-timeline-inset: unset; view-transition-name: unset; visibility: unset; border-spacing: unset; -webkit-box-align: unset; -webkit-box-decoration-break: unset; -webkit-box-direction: unset; -webkit-box-flex: unset; -webkit-box-ordinal-group: unset; -webkit-box-orient: unset; -webkit-box-pack: unset; -webkit-box-reflect: unset; -webkit-line-break: unset; -webkit-line-clamp: unset; -webkit-mask-box-image: unset; -webkit-mask: unset; -webkit-mask-composite: unset; -webkit-print-color-adjust: unset; -webkit-rtl-ordering: unset; -webkit-ruby-position: unset; -webkit-tap-highlight-color: unset; -webkit-text-combine: unset; -webkit-text-decorations-in-effect: unset; -webkit-text-fill-color: unset; -webkit-text-security: unset; -webkit-text-stroke-color: unset; -webkit-user-drag: unset; -webkit-user-modify: unset; width: unset; will-change: unset; word-break: unset; x: unset; y: unset; z-index: unset;\" /><span style=\"color: #403b45; font-family: \'Open Sans\', sans-serif; font-size: 16px; background-color: #ffffff;\">&bull; Uninterrupted views of the crystal blue waters of the Arabian Gulf from every apartment</span><br style=\"color: #403b45; font-family: \'Open Sans\', sans-serif; font-feature-settings: unset; font-kerning: unset; font-optical-sizing: unset; font-palette: unset; font-size: 16px; font-stretch: unset; font-synthesis: unset; font-variant-alternates: unset; font-variant-east-asian: unset; font-variant-numeric: unset; font-variant-position: unset; font-variation-settings: unset; forced-color-adjust: unset; text-orientation: unset; text-rendering: unset; -webkit-font-smoothing: unset; -webkit-locale: unset; -webkit-text-orientation: unset; -webkit-writing-mode: unset; writing-mode: unset; zoom: unset; accent-color: unset; place-content: unset; place-items: unset; place-self: unset; alignment-baseline: unset; animation-composition: unset; animation: unset; app-region: unset; appearance: unset; aspect-ratio: unset; backdrop-filter: unset; backface-visibility: unset; background-attachment: unset; background-blend-mode: unset; background-clip: unset; background-color: #ffffff; background-image: unset; background-origin: unset; background-position: unset; background-repeat: unset; background-size: unset; baseline-shift: unset; baseline-source: unset; block-size: unset; border-block: unset; border: none; border-radius: unset; border-collapse: unset; border-end-end-radius: unset; border-end-start-radius: unset; border-inline: unset; border-start-end-radius: unset; border-start-start-radius: unset; inset: unset; box-shadow: unset; box-sizing: border-box; break-after: unset; break-before: unset; break-inside: unset; buffered-rendering: unset; caption-side: unset; caret-color: unset; clear: unset; clip: unset; clip-path: unset; clip-rule: unset; color-interpolation: unset; color-interpolation-filters: unset; color-rendering: unset; color-scheme: unset; columns: unset; column-fill: unset; gap: unset; column-rule: unset; column-span: unset; contain: unset; contain-intrinsic-block-size: unset; contain-intrinsic-size: unset; contain-intrinsic-inline-size: unset; container: unset; content: unset; content-visibility: unset; counter-increment: unset; counter-reset: unset; counter-set: unset; cursor: unset; cx: unset; cy: unset; d: unset; display: revert; dominant-baseline: unset; empty-cells: unset; fill: unset; fill-opacity: unset; fill-rule: unset; filter: unset; flex: unset; flex-flow: unset; float: unset; flood-color: unset; flood-opacity: unset; grid: unset; grid-area: unset; height: unset; hyphenate-character: unset; hyphenate-limit-chars: unset; hyphens: unset; image-orientation: unset; image-rendering: unset; initial-letter: unset; inline-size: unset; inset-block: unset; inset-inline: unset; isolation: unset; lighting-color: unset; line-break: unset; line-height: unset; list-style: unset; margin-block: unset; margin: 0px; margin-inline: unset; marker: unset; mask: unset; mask-type: unset; math-depth: unset; math-shift: unset; math-style: unset; max-block-size: unset; max-height: unset; max-inline-size: unset; max-width: unset; min-block-size: unset; min-height: unset; min-inline-size: unset; min-width: unset; mix-blend-mode: unset; object-fit: unset; object-position: unset; object-view-box: unset; offset: unset; opacity: unset; order: unset; outline: 0px; outline-offset: unset; overflow-anchor: unset; overflow-clip-margin: unset; overflow-wrap: unset; overflow: unset; overlay: unset; overscroll-behavior-block: unset; overscroll-behavior-inline: unset; overscroll-behavior: unset; padding-block: unset; padding: 0px; padding-inline: unset; page: unset; page-orientation: unset; paint-order: unset; perspective: unset; perspective-origin: unset; pointer-events: unset; position: unset; quotes: unset; r: unset; resize: unset; rotate: unset; ruby-position: unset; rx: unset; ry: unset; scale: unset; scroll-behavior: unset; scroll-margin-block: unset; scroll-margin: unset; scroll-margin-inline: unset; scroll-padding-block: unset; scroll-padding: unset; scroll-padding-inline: unset; scroll-snap-align: unset; scroll-snap-stop: unset; scroll-snap-type: unset; scroll-timeline: unset; scrollbar-gutter: unset; shape-image-threshold: unset; shape-margin: unset; shape-outside: unset; shape-rendering: unset; size: unset; speak: unset; stop-color: unset; stop-opacity: unset; stroke: unset; stroke-dasharray: unset; stroke-dashoffset: unset; stroke-linecap: unset; stroke-linejoin: unset; stroke-miterlimit: unset; stroke-opacity: unset; stroke-width: unset; tab-size: unset; table-layout: unset; text-align-last: unset; text-anchor: unset; text-combine-upright: unset; text-decoration-line: unset; text-decoration-skip-ink: unset; text-emphasis: unset; text-emphasis-position: unset; text-overflow: unset; text-shadow: unset; text-size-adjust: unset; text-underline-offset: unset; text-underline-position: unset; timeline-scope: unset; touch-action: unset; transform: unset; transform-box: unset; transform-origin: unset; transform-style: unset; transition: unset; translate: unset; user-select: unset; vector-effect: unset; vertical-align: unset; view-timeline: unset; view-timeline-inset: unset; view-transition-name: unset; visibility: unset; border-spacing: unset; -webkit-box-align: unset; -webkit-box-decoration-break: unset; -webkit-box-direction: unset; -webkit-box-flex: unset; -webkit-box-ordinal-group: unset; -webkit-box-orient: unset; -webkit-box-pack: unset; -webkit-box-reflect: unset; -webkit-line-break: unset; -webkit-line-clamp: unset; -webkit-mask-box-image: unset; -webkit-mask: unset; -webkit-mask-composite: unset; -webkit-print-color-adjust: unset; -webkit-rtl-ordering: unset; -webkit-ruby-position: unset; -webkit-tap-highlight-color: unset; -webkit-text-combine: unset; -webkit-text-decorations-in-effect: unset; -webkit-text-fill-color: unset; -webkit-text-security: unset; -webkit-text-stroke-color: unset; -webkit-user-drag: unset; -webkit-user-modify: unset; width: unset; will-change: unset; word-break: unset; x: unset; y: unset; z-index: unset;\" /><span style=\"color: #403b45; font-family: \'Open Sans\', sans-serif; font-size: 16px; background-color: #ffffff;\">&bull; Views of stunning Dubai&rsquo;s iconic skyline</span><br style=\"color: #403b45; font-family: \'Open Sans\', sans-serif; font-feature-settings: unset; font-kerning: unset; font-optical-sizing: unset; font-palette: unset; font-size: 16px; font-stretch: unset; font-synthesis: unset; font-variant-alternates: unset; font-variant-east-asian: unset; font-variant-numeric: unset; font-variant-position: unset; font-variation-settings: unset; forced-color-adjust: unset; text-orientation: unset; text-rendering: unset; -webkit-font-smoothing: unset; -webkit-locale: unset; -webkit-text-orientation: unset; -webkit-writing-mode: unset; writing-mode: unset; zoom: unset; accent-color: unset; place-content: unset; place-items: unset; place-self: unset; alignment-baseline: unset; animation-composition: unset; animation: unset; app-region: unset; appearance: unset; aspect-ratio: unset; backdrop-filter: unset; backface-visibility: unset; background-attachment: unset; background-blend-mode: unset; background-clip: unset; background-color: #ffffff; background-image: unset; background-origin: unset; background-position: unset; background-repeat: unset; background-size: unset; baseline-shift: unset; baseline-source: unset; block-size: unset; border-block: unset; border: none; border-radius: unset; border-collapse: unset; border-end-end-radius: unset; border-end-start-radius: unset; border-inline: unset; border-start-end-radius: unset; border-start-start-radius: unset; inset: unset; box-shadow: unset; box-sizing: border-box; break-after: unset; break-before: unset; break-inside: unset; buffered-rendering: unset; caption-side: unset; caret-color: unset; clear: unset; clip: unset; clip-path: unset; clip-rule: unset; color-interpolation: unset; color-interpolation-filters: unset; color-rendering: unset; color-scheme: unset; columns: unset; column-fill: unset; gap: unset; column-rule: unset; column-span: unset; contain: unset; contain-intrinsic-block-size: unset; contain-intrinsic-size: unset; contain-intrinsic-inline-size: unset; container: unset; content: unset; content-visibility: unset; counter-increment: unset; counter-reset: unset; counter-set: unset; cursor: unset; cx: unset; cy: unset; d: unset; display: revert; dominant-baseline: unset; empty-cells: unset; fill: unset; fill-opacity: unset; fill-rule: unset; filter: unset; flex: unset; flex-flow: unset; float: unset; flood-color: unset; flood-opacity: unset; grid: unset; grid-area: unset; height: unset; hyphenate-character: unset; hyphenate-limit-chars: unset; hyphens: unset; image-orientation: unset; image-rendering: unset; initial-letter: unset; inline-size: unset; inset-block: unset; inset-inline: unset; isolation: unset; lighting-color: unset; line-break: unset; line-height: unset; list-style: unset; margin-block: unset; margin: 0px; margin-inline: unset; marker: unset; mask: unset; mask-type: unset; math-depth: unset; math-shift: unset; math-style: unset; max-block-size: unset; max-height: unset; max-inline-size: unset; max-width: unset; min-block-size: unset; min-height: unset; min-inline-size: unset; min-width: unset; mix-blend-mode: unset; object-fit: unset; object-position: unset; object-view-box: unset; offset: unset; opacity: unset; order: unset; outline: 0px; outline-offset: unset; overflow-anchor: unset; overflow-clip-margin: unset; overflow-wrap: unset; overflow: unset; overlay: unset; overscroll-behavior-block: unset; overscroll-behavior-inline: unset; overscroll-behavior: unset; padding-block: unset; padding: 0px; padding-inline: unset; page: unset; page-orientation: unset; paint-order: unset; perspective: unset; perspective-origin: unset; pointer-events: unset; position: unset; quotes: unset; r: unset; resize: unset; rotate: unset; ruby-position: unset; rx: unset; ry: unset; scale: unset; scroll-behavior: unset; scroll-margin-block: unset; scroll-margin: unset; scroll-margin-inline: unset; scroll-padding-block: unset; scroll-padding: unset; scroll-padding-inline: unset; scroll-snap-align: unset; scroll-snap-stop: unset; scroll-snap-type: unset; scroll-timeline: unset; scrollbar-gutter: unset; shape-image-threshold: unset; shape-margin: unset; shape-outside: unset; shape-rendering: unset; size: unset; speak: unset; stop-color: unset; stop-opacity: unset; stroke: unset; stroke-dasharray: unset; stroke-dashoffset: unset; stroke-linecap: unset; stroke-linejoin: unset; stroke-miterlimit: unset; stroke-opacity: unset; stroke-width: unset; tab-size: unset; table-layout: unset; text-align-last: unset; text-anchor: unset; text-combine-upright: unset; text-decoration-line: unset; text-decoration-skip-ink: unset; text-emphasis: unset; text-emphasis-position: unset; text-overflow: unset; text-shadow: unset; text-size-adjust: unset; text-underline-offset: unset; text-underline-position: unset; timeline-scope: unset; touch-action: unset; transform: unset; transform-box: unset; transform-origin: unset; transform-style: unset; transition: unset; translate: unset; user-select: unset; vector-effect: unset; vertical-align: unset; view-timeline: unset; view-timeline-inset: unset; view-transition-name: unset; visibility: unset; border-spacing: unset; -webkit-box-align: unset; -webkit-box-decoration-break: unset; -webkit-box-direction: unset; -webkit-box-flex: unset; -webkit-box-ordinal-group: unset; -webkit-box-orient: unset; -webkit-box-pack: unset; -webkit-box-reflect: unset; -webkit-line-break: unset; -webkit-line-clamp: unset; -webkit-mask-box-image: unset; -webkit-mask: unset; -webkit-mask-composite: unset; -webkit-print-color-adjust: unset; -webkit-rtl-ordering: unset; -webkit-ruby-position: unset; -webkit-tap-highlight-color: unset; -webkit-text-combine: unset; -webkit-text-decorations-in-effect: unset; -webkit-text-fill-color: unset; -webkit-text-security: unset; -webkit-text-stroke-color: unset; -webkit-user-drag: unset; -webkit-user-modify: unset; width: unset; will-change: unset; word-break: unset; x: unset; y: unset; z-index: unset;\" /><span style=\"color: #403b45; font-family: \'Open Sans\', sans-serif; font-size: 16px; background-color: #ffffff;\">&bull; Private beach access</span><br style=\"color: #403b45; font-family: \'Open Sans\', sans-serif; font-feature-settings: unset; font-kerning: unset; font-optical-sizing: unset; font-palette: unset; font-size: 16px; font-stretch: unset; font-synthesis: unset; font-variant-alternates: unset; font-variant-east-asian: unset; font-variant-numeric: unset; font-variant-position: unset; font-variation-settings: unset; forced-color-adjust: unset; text-orientation: unset; text-rendering: unset; -webkit-font-smoothing: unset; -webkit-locale: unset; -webkit-text-orientation: unset; -webkit-writing-mode: unset; writing-mode: unset; zoom: unset; accent-color: unset; place-content: unset; place-items: unset; place-self: unset; alignment-baseline: unset; animation-composition: unset; animation: unset; app-region: unset; appearance: unset; aspect-ratio: unset; backdrop-filter: unset; backface-visibility: unset; background-attachment: unset; background-blend-mode: unset; background-clip: unset; background-color: #ffffff; background-image: unset; background-origin: unset; background-position: unset; background-repeat: unset; background-size: unset; baseline-shift: unset; baseline-source: unset; block-size: unset; border-block: unset; border: none; border-radius: unset; border-collapse: unset; border-end-end-radius: unset; border-end-start-radius: unset; border-inline: unset; border-start-end-radius: unset; border-start-start-radius: unset; inset: unset; box-shadow: unset; box-sizing: border-box; break-after: unset; break-before: unset; break-inside: unset; buffered-rendering: unset; caption-side: unset; caret-color: unset; clear: unset; clip: unset; clip-path: unset; clip-rule: unset; color-interpolation: unset; color-interpolation-filters: unset; color-rendering: unset; color-scheme: unset; columns: unset; column-fill: unset; gap: unset; column-rule: unset; column-span: unset; contain: unset; contain-intrinsic-block-size: unset; contain-intrinsic-size: unset; contain-intrinsic-inline-size: unset; container: unset; content: unset; content-visibility: unset; counter-increment: unset; counter-reset: unset; counter-set: unset; cursor: unset; cx: unset; cy: unset; d: unset; display: revert; dominant-baseline: unset; empty-cells: unset; fill: unset; fill-opacity: unset; fill-rule: unset; filter: unset; flex: unset; flex-flow: unset; float: unset; flood-color: unset; flood-opacity: unset; grid: unset; grid-area: unset; height: unset; hyphenate-character: unset; hyphenate-limit-chars: unset; hyphens: unset; image-orientation: unset; image-rendering: unset; initial-letter: unset; inline-size: unset; inset-block: unset; inset-inline: unset; isolation: unset; lighting-color: unset; line-break: unset; line-height: unset; list-style: unset; margin-block: unset; margin: 0px; margin-inline: unset; marker: unset; mask: unset; mask-type: unset; math-depth: unset; math-shift: unset; math-style: unset; max-block-size: unset; max-height: unset; max-inline-size: unset; max-width: unset; min-block-size: unset; min-height: unset; min-inline-size: unset; min-width: unset; mix-blend-mode: unset; object-fit: unset; object-position: unset; object-view-box: unset; offset: unset; opacity: unset; order: unset; outline: 0px; outline-offset: unset; overflow-anchor: unset; overflow-clip-margin: unset; overflow-wrap: unset; overflow: unset; overlay: unset; overscroll-behavior-block: unset; overscroll-behavior-inline: unset; overscroll-behavior: unset; padding-block: unset; padding: 0px; padding-inline: unset; page: unset; page-orientation: unset; paint-order: unset; perspective: unset; perspective-origin: unset; pointer-events: unset; position: unset; quotes: unset; r: unset; resize: unset; rotate: unset; ruby-position: unset; rx: unset; ry: unset; scale: unset; scroll-behavior: unset; scroll-margin-block: unset; scroll-margin: unset; scroll-margin-inline: unset; scroll-padding-block: unset; scroll-padding: unset; scroll-padding-inline: unset; scroll-snap-align: unset; scroll-snap-stop: unset; scroll-snap-type: unset; scroll-timeline: unset; scrollbar-gutter: unset; shape-image-threshold: unset; shape-margin: unset; shape-outside: unset; shape-rendering: unset; size: unset; speak: unset; stop-color: unset; stop-opacity: unset; stroke: unset; stroke-dasharray: unset; stroke-dashoffset: unset; stroke-linecap: unset; stroke-linejoin: unset; stroke-miterlimit: unset; stroke-opacity: unset; stroke-width: unset; tab-size: unset; table-layout: unset; text-align-last: unset; text-anchor: unset; text-combine-upright: unset; text-decoration-line: unset; text-decoration-skip-ink: unset; text-emphasis: unset; text-emphasis-position: unset; text-overflow: unset; text-shadow: unset; text-size-adjust: unset; text-underline-offset: unset; text-underline-position: unset; timeline-scope: unset; touch-action: unset; transform: unset; transform-box: unset; transform-origin: unset; transform-style: unset; transition: unset; translate: unset; user-select: unset; vector-effect: unset; vertical-align: unset; view-timeline: unset; view-timeline-inset: unset; view-transition-name: unset; visibility: unset; border-spacing: unset; -webkit-box-align: unset; -webkit-box-decoration-break: unset; -webkit-box-direction: unset; -webkit-box-flex: unset; -webkit-box-ordinal-group: unset; -webkit-box-orient: unset; -webkit-box-pack: unset; -webkit-box-reflect: unset; -webkit-line-break: unset; -webkit-line-clamp: unset; -webkit-mask-box-image: unset; -webkit-mask: unset; -webkit-mask-composite: unset; -webkit-print-color-adjust: unset; -webkit-rtl-ordering: unset; -webkit-ruby-position: unset; -webkit-tap-highlight-color: unset; -webkit-text-combine: unset; -webkit-text-decorations-in-effect: unset; -webkit-text-fill-color: unset; -webkit-text-security: unset; -webkit-text-stroke-color: unset; -webkit-user-drag: unset; -webkit-user-modify: unset; width: unset; will-change: unset; word-break: unset; x: unset; y: unset; z-index: unset;\" /><span style=\"color: #403b45; font-family: \'Open Sans\', sans-serif; font-size: 16px; background-color: #ffffff;\">&bull; First-class lifestyle conveniences</span><br style=\"color: #403b45; font-family: \'Open Sans\', sans-serif; font-feature-settings: unset; font-kerning: unset; font-optical-sizing: unset; font-palette: unset; font-size: 16px; font-stretch: unset; font-synthesis: unset; font-variant-alternates: unset; font-variant-east-asian: unset; font-variant-numeric: unset; font-variant-position: unset; font-variation-settings: unset; forced-color-adjust: unset; text-orientation: unset; text-rendering: unset; -webkit-font-smoothing: unset; -webkit-locale: unset; -webkit-text-orientation: unset; -webkit-writing-mode: unset; writing-mode: unset; zoom: unset; accent-color: unset; place-content: unset; place-items: unset; place-self: unset; alignment-baseline: unset; animation-composition: unset; animation: unset; app-region: unset; appearance: unset; aspect-ratio: unset; backdrop-filter: unset; backface-visibility: unset; background-attachment: unset; background-blend-mode: unset; background-clip: unset; background-color: #ffffff; background-image: unset; background-origin: unset; background-position: unset; background-repeat: unset; background-size: unset; baseline-shift: unset; baseline-source: unset; block-size: unset; border-block: unset; border: none; border-radius: unset; border-collapse: unset; border-end-end-radius: unset; border-end-start-radius: unset; border-inline: unset; border-start-end-radius: unset; border-start-start-radius: unset; inset: unset; box-shadow: unset; box-sizing: border-box; break-after: unset; break-before: unset; break-inside: unset; buffered-rendering: unset; caption-side: unset; caret-color: unset; clear: unset; clip: unset; clip-path: unset; clip-rule: unset; color-interpolation: unset; color-interpolation-filters: unset; color-rendering: unset; color-scheme: unset; columns: unset; column-fill: unset; gap: unset; column-rule: unset; column-span: unset; contain: unset; contain-intrinsic-block-size: unset; contain-intrinsic-size: unset; contain-intrinsic-inline-size: unset; container: unset; content: unset; content-visibility: unset; counter-increment: unset; counter-reset: unset; counter-set: unset; cursor: unset; cx: unset; cy: unset; d: unset; display: revert; dominant-baseline: unset; empty-cells: unset; fill: unset; fill-opacity: unset; fill-rule: unset; filter: unset; flex: unset; flex-flow: unset; float: unset; flood-color: unset; flood-opacity: unset; grid: unset; grid-area: unset; height: unset; hyphenate-character: unset; hyphenate-limit-chars: unset; hyphens: unset; image-orientation: unset; image-rendering: unset; initial-letter: unset; inline-size: unset; inset-block: unset; inset-inline: unset; isolation: unset; lighting-color: unset; line-break: unset; line-height: unset; list-style: unset; margin-block: unset; margin: 0px; margin-inline: unset; marker: unset; mask: unset; mask-type: unset; math-depth: unset; math-shift: unset; math-style: unset; max-block-size: unset; max-height: unset; max-inline-size: unset; max-width: unset; min-block-size: unset; min-height: unset; min-inline-size: unset; min-width: unset; mix-blend-mode: unset; object-fit: unset; object-position: unset; object-view-box: unset; offset: unset; opacity: unset; order: unset; outline: 0px; outline-offset: unset; overflow-anchor: unset; overflow-clip-margin: unset; overflow-wrap: unset; overflow: unset; overlay: unset; overscroll-behavior-block: unset; overscroll-behavior-inline: unset; overscroll-behavior: unset; padding-block: unset; padding: 0px; padding-inline: unset; page: unset; page-orientation: unset; paint-order: unset; perspective: unset; perspective-origin: unset; pointer-events: unset; position: unset; quotes: unset; r: unset; resize: unset; rotate: unset; ruby-position: unset; rx: unset; ry: unset; scale: unset; scroll-behavior: unset; scroll-margin-block: unset; scroll-margin: unset; scroll-margin-inline: unset; scroll-padding-block: unset; scroll-padding: unset; scroll-padding-inline: unset; scroll-snap-align: unset; scroll-snap-stop: unset; scroll-snap-type: unset; scroll-timeline: unset; scrollbar-gutter: unset; shape-image-threshold: unset; shape-margin: unset; shape-outside: unset; shape-rendering: unset; size: unset; speak: unset; stop-color: unset; stop-opacity: unset; stroke: unset; stroke-dasharray: unset; stroke-dashoffset: unset; stroke-linecap: unset; stroke-linejoin: unset; stroke-miterlimit: unset; stroke-opacity: unset; stroke-width: unset; tab-size: unset; table-layout: unset; text-align-last: unset; text-anchor: unset; text-combine-upright: unset; text-decoration-line: unset; text-decoration-skip-ink: unset; text-emphasis: unset; text-emphasis-position: unset; text-overflow: unset; text-shadow: unset; text-size-adjust: unset; text-underline-offset: unset; text-underline-position: unset; timeline-scope: unset; touch-action: unset; transform: unset; transform-box: unset; transform-origin: unset; transform-style: unset; transition: unset; translate: unset; user-select: unset; vector-effect: unset; vertical-align: unset; view-timeline: unset; view-timeline-inset: unset; view-transition-name: unset; visibility: unset; border-spacing: unset; -webkit-box-align: unset; -webkit-box-decoration-break: unset; -webkit-box-direction: unset; -webkit-box-flex: unset; -webkit-box-ordinal-group: unset; -webkit-box-orient: unset; -webkit-box-pack: unset; -webkit-box-reflect: unset; -webkit-line-break: unset; -webkit-line-clamp: unset; -webkit-mask-box-image: unset; -webkit-mask: unset; -webkit-mask-composite: unset; -webkit-print-color-adjust: unset; -webkit-rtl-ordering: unset; -webkit-ruby-position: unset; -webkit-tap-highlight-color: unset; -webkit-text-combine: unset; -webkit-text-decorations-in-effect: unset; -webkit-text-fill-color: unset; -webkit-text-security: unset; -webkit-text-stroke-color: unset; -webkit-user-drag: unset; -webkit-user-modify: unset; width: unset; will-change: unset; word-break: unset; x: unset; y: unset; z-index: unset;\" /><span style=\"color: #403b45; font-family: \'Open Sans\', sans-serif; font-size: 16px; background-color: #ffffff;\">&bull; Premium leisure and entertainment facilities</span></p>', 'buy', '55.118362508810776', '25.1002079', 0, '169740891938.png', '169740891987.png', '169740891977.png', '169740891940.png', '169740891957.png', 1, '2023-10-16 07:28:39', '2023-10-16 07:28:39');
INSERT INTO `properties` VALUES (29, 6, 'APARTMENT FOR RENT IN PRINCESS TOWER, DUBAI MARINA', 2, 2, 0, NULL, 1185, 139888, '<p><span style=\"color: #403b45; font-family: \'Open Sans\', sans-serif; font-size: 16px; background-color: #ffffff;\">Diamond City Real Estate is pleased to offer this beautiful 2-bedroom furnished Apartment in Princess Tower Dubai Marina.</span></p>\r\n<p><span style=\"color: #403b45; font-family: \'Open Sans\', sans-serif; font-size: 16px; background-color: #ffffff;\">Diamond City Real Estate is your trusted partner in navigating the dynamic landscape of the UAE real estate market. With an illustrious journey spanning 20 years, we have honed our expertise to become leaders in various facets of the industry, including sales, off-plan ventures, rentals, commercial spaces, and property management. Our dedicated team comprises RERA-qualified brokers, ensuring the highest standards of professionalism and knowledge. At Diamond City, our unwavering focus revolves around our clients &ndash; their dreams, aspirations, and financial growth. We are committed to not just finding properties, but to crafting investment opportunities that yield the utmost returns.</span></p>', 'rent', '55.14088204140653', '25.078299', 1, '169740953388.png', '169740953365.png', '169740953321.png', '169740953312.png', '169740953320.png', 1, '2023-10-16 07:38:53', '2023-10-16 07:38:53');
INSERT INTO `properties` VALUES (30, 6, 'APARTMENT FOR RENT IN PRINCESS TOWER, DUBAI MARINA', 1, 2, 0, NULL, 923, 99888, '<p><span style=\"background-color: #ffffff; color: #403b45; font-family: \'Open Sans\', sans-serif; font-size: 16px;\">Diamond City Real Estate is pleased to offer this spacious 1-bedroom apartment for rent in Princess Tower, Dubai Marina. The apartment boasts partial views of Dubai Marina and Palm Jumeirah.</span></p>\r\n<p><span style=\"color: #403b45; font-family: \'Open Sans\', sans-serif; font-size: 16px; background-color: #ffffff;\">Princess Tower is ideally located in the heart of Dubai Marina offering the highest quality finishes and a collection of high-end amenities. The building is infamously known as the tallest residential tower in the world (Guinness World Record). A highly walkable location with easy access to a variety of restaurants, retail, and entertainment options.</span><br style=\"color: #403b45; font-family: \'Open Sans\', sans-serif; font-feature-settings: unset; font-kerning: unset; font-optical-sizing: unset; font-palette: unset; font-size: 16px; font-stretch: unset; font-synthesis: unset; font-variant-alternates: unset; font-variant-east-asian: unset; font-variant-numeric: unset; font-variant-position: unset; font-variation-settings: unset; forced-color-adjust: unset; text-orientation: unset; text-rendering: unset; -webkit-font-smoothing: unset; -webkit-locale: unset; -webkit-text-orientation: unset; -webkit-writing-mode: unset; writing-mode: unset; zoom: unset; accent-color: unset; place-content: unset; place-items: unset; place-self: unset; alignment-baseline: unset; animation-composition: unset; animation: unset; app-region: unset; appearance: unset; aspect-ratio: unset; backdrop-filter: unset; backface-visibility: unset; background-attachment: unset; background-blend-mode: unset; background-clip: unset; background-color: #ffffff; background-image: unset; background-origin: unset; background-position: unset; background-repeat: unset; background-size: unset; baseline-shift: unset; baseline-source: unset; block-size: unset; border-block: unset; border: none; border-radius: unset; border-collapse: unset; border-end-end-radius: unset; border-end-start-radius: unset; border-inline: unset; border-start-end-radius: unset; border-start-start-radius: unset; inset: unset; box-shadow: unset; box-sizing: border-box; break-after: unset; break-before: unset; break-inside: unset; buffered-rendering: unset; caption-side: unset; caret-color: unset; clear: unset; clip: unset; clip-path: unset; clip-rule: unset; color-interpolation: unset; color-interpolation-filters: unset; color-rendering: unset; color-scheme: unset; columns: unset; column-fill: unset; gap: unset; column-rule: unset; column-span: unset; contain: unset; contain-intrinsic-block-size: unset; contain-intrinsic-size: unset; contain-intrinsic-inline-size: unset; container: unset; content: unset; content-visibility: unset; counter-increment: unset; counter-reset: unset; counter-set: unset; cursor: unset; cx: unset; cy: unset; d: unset; display: revert; dominant-baseline: unset; empty-cells: unset; fill: unset; fill-opacity: unset; fill-rule: unset; filter: unset; flex: unset; flex-flow: unset; float: unset; flood-color: unset; flood-opacity: unset; grid: unset; grid-area: unset; height: unset; hyphenate-character: unset; hyphenate-limit-chars: unset; hyphens: unset; image-orientation: unset; image-rendering: unset; initial-letter: unset; inline-size: unset; inset-block: unset; inset-inline: unset; isolation: unset; lighting-color: unset; line-break: unset; line-height: unset; list-style: unset; margin-block: unset; margin: 0px; margin-inline: unset; marker: unset; mask: unset; mask-type: unset; math-depth: unset; math-shift: unset; math-style: unset; max-block-size: unset; max-height: unset; max-inline-size: unset; max-width: unset; min-block-size: unset; min-height: unset; min-inline-size: unset; min-width: unset; mix-blend-mode: unset; object-fit: unset; object-position: unset; object-view-box: unset; offset: unset; opacity: unset; order: unset; outline: 0px; outline-offset: unset; overflow-anchor: unset; overflow-clip-margin: unset; overflow-wrap: unset; overflow: unset; overlay: unset; overscroll-behavior-block: unset; overscroll-behavior-inline: unset; overscroll-behavior: unset; padding-block: unset; padding: 0px; padding-inline: unset; page: unset; page-orientation: unset; paint-order: unset; perspective: unset; perspective-origin: unset; pointer-events: unset; position: unset; quotes: unset; r: unset; resize: unset; rotate: unset; ruby-position: unset; rx: unset; ry: unset; scale: unset; scroll-behavior: unset; scroll-margin-block: unset; scroll-margin: unset; scroll-margin-inline: unset; scroll-padding-block: unset; scroll-padding: unset; scroll-padding-inline: unset; scroll-snap-align: unset; scroll-snap-stop: unset; scroll-snap-type: unset; scroll-timeline: unset; scrollbar-gutter: unset; shape-image-threshold: unset; shape-margin: unset; shape-outside: unset; shape-rendering: unset; size: unset; speak: unset; stop-color: unset; stop-opacity: unset; stroke: unset; stroke-dasharray: unset; stroke-dashoffset: unset; stroke-linecap: unset; stroke-linejoin: unset; stroke-miterlimit: unset; stroke-opacity: unset; stroke-width: unset; tab-size: unset; table-layout: unset; text-align-last: unset; text-anchor: unset; text-combine-upright: unset; text-decoration-line: unset; text-decoration-skip-ink: unset; text-emphasis: unset; text-emphasis-position: unset; text-overflow: unset; text-shadow: unset; text-size-adjust: unset; text-underline-offset: unset; text-underline-position: unset; timeline-scope: unset; touch-action: unset; transform: unset; transform-box: unset; transform-origin: unset; transform-style: unset; transition: unset; translate: unset; user-select: unset; vector-effect: unset; vertical-align: unset; view-timeline: unset; view-timeline-inset: unset; view-transition-name: unset; visibility: unset; border-spacing: unset; -webkit-box-align: unset; -webkit-box-decoration-break: unset; -webkit-box-direction: unset; -webkit-box-flex: unset; -webkit-box-ordinal-group: unset; -webkit-box-orient: unset; -webkit-box-pack: unset; -webkit-box-reflect: unset; -webkit-line-break: unset; -webkit-line-clamp: unset; -webkit-mask-box-image: unset; -webkit-mask: unset; -webkit-mask-composite: unset; -webkit-print-color-adjust: unset; -webkit-rtl-ordering: unset; -webkit-ruby-position: unset; -webkit-tap-highlight-color: unset; -webkit-text-combine: unset; -webkit-text-decorations-in-effect: unset; -webkit-text-fill-color: unset; -webkit-text-security: unset; -webkit-text-stroke-color: unset; -webkit-user-drag: unset; -webkit-user-modify: unset; width: unset; will-change: unset; word-break: unset; x: unset; y: unset; z-index: unset;\" /><br style=\"color: #403b45; font-family: \'Open Sans\', sans-serif; font-feature-settings: unset; font-kerning: unset; font-optical-sizing: unset; font-palette: unset; font-size: 16px; font-stretch: unset; font-synthesis: unset; font-variant-alternates: unset; font-variant-east-asian: unset; font-variant-numeric: unset; font-variant-position: unset; font-variation-settings: unset; forced-color-adjust: unset; text-orientation: unset; text-rendering: unset; -webkit-font-smoothing: unset; -webkit-locale: unset; -webkit-text-orientation: unset; -webkit-writing-mode: unset; writing-mode: unset; zoom: unset; accent-color: unset; place-content: unset; place-items: unset; place-self: unset; alignment-baseline: unset; animation-composition: unset; animation: unset; app-region: unset; appearance: unset; aspect-ratio: unset; backdrop-filter: unset; backface-visibility: unset; background-attachment: unset; background-blend-mode: unset; background-clip: unset; background-color: #ffffff; background-image: unset; background-origin: unset; background-position: unset; background-repeat: unset; background-size: unset; baseline-shift: unset; baseline-source: unset; block-size: unset; border-block: unset; border: none; border-radius: unset; border-collapse: unset; border-end-end-radius: unset; border-end-start-radius: unset; border-inline: unset; border-start-end-radius: unset; border-start-start-radius: unset; inset: unset; box-shadow: unset; box-sizing: border-box; break-after: unset; break-before: unset; break-inside: unset; buffered-rendering: unset; caption-side: unset; caret-color: unset; clear: unset; clip: unset; clip-path: unset; clip-rule: unset; color-interpolation: unset; color-interpolation-filters: unset; color-rendering: unset; color-scheme: unset; columns: unset; column-fill: unset; gap: unset; column-rule: unset; column-span: unset; contain: unset; contain-intrinsic-block-size: unset; contain-intrinsic-size: unset; contain-intrinsic-inline-size: unset; container: unset; content: unset; content-visibility: unset; counter-increment: unset; counter-reset: unset; counter-set: unset; cursor: unset; cx: unset; cy: unset; d: unset; display: revert; dominant-baseline: unset; empty-cells: unset; fill: unset; fill-opacity: unset; fill-rule: unset; filter: unset; flex: unset; flex-flow: unset; float: unset; flood-color: unset; flood-opacity: unset; grid: unset; grid-area: unset; height: unset; hyphenate-character: unset; hyphenate-limit-chars: unset; hyphens: unset; image-orientation: unset; image-rendering: unset; initial-letter: unset; inline-size: unset; inset-block: unset; inset-inline: unset; isolation: unset; lighting-color: unset; line-break: unset; line-height: unset; list-style: unset; margin-block: unset; margin: 0px; margin-inline: unset; marker: unset; mask: unset; mask-type: unset; math-depth: unset; math-shift: unset; math-style: unset; max-block-size: unset; max-height: unset; max-inline-size: unset; max-width: unset; min-block-size: unset; min-height: unset; min-inline-size: unset; min-width: unset; mix-blend-mode: unset; object-fit: unset; object-position: unset; object-view-box: unset; offset: unset; opacity: unset; order: unset; outline: 0px; outline-offset: unset; overflow-anchor: unset; overflow-clip-margin: unset; overflow-wrap: unset; overflow: unset; overlay: unset; overscroll-behavior-block: unset; overscroll-behavior-inline: unset; overscroll-behavior: unset; padding-block: unset; padding: 0px; padding-inline: unset; page: unset; page-orientation: unset; paint-order: unset; perspective: unset; perspective-origin: unset; pointer-events: unset; position: unset; quotes: unset; r: unset; resize: unset; rotate: unset; ruby-position: unset; rx: unset; ry: unset; scale: unset; scroll-behavior: unset; scroll-margin-block: unset; scroll-margin: unset; scroll-margin-inline: unset; scroll-padding-block: unset; scroll-padding: unset; scroll-padding-inline: unset; scroll-snap-align: unset; scroll-snap-stop: unset; scroll-snap-type: unset; scroll-timeline: unset; scrollbar-gutter: unset; shape-image-threshold: unset; shape-margin: unset; shape-outside: unset; shape-rendering: unset; size: unset; speak: unset; stop-color: unset; stop-opacity: unset; stroke: unset; stroke-dasharray: unset; stroke-dashoffset: unset; stroke-linecap: unset; stroke-linejoin: unset; stroke-miterlimit: unset; stroke-opacity: unset; stroke-width: unset; tab-size: unset; table-layout: unset; text-align-last: unset; text-anchor: unset; text-combine-upright: unset; text-decoration-line: unset; text-decoration-skip-ink: unset; text-emphasis: unset; text-emphasis-position: unset; text-overflow: unset; text-shadow: unset; text-size-adjust: unset; text-underline-offset: unset; text-underline-position: unset; timeline-scope: unset; touch-action: unset; transform: unset; transform-box: unset; transform-origin: unset; transform-style: unset; transition: unset; translate: unset; user-select: unset; vector-effect: unset; vertical-align: unset; view-timeline: unset; view-timeline-inset: unset; view-transition-name: unset; visibility: unset; border-spacing: unset; -webkit-box-align: unset; -webkit-box-decoration-break: unset; -webkit-box-direction: unset; -webkit-box-flex: unset; -webkit-box-ordinal-group: unset; -webkit-box-orient: unset; -webkit-box-pack: unset; -webkit-box-reflect: unset; -webkit-line-break: unset; -webkit-line-clamp: unset; -webkit-mask-box-image: unset; -webkit-mask: unset; -webkit-mask-composite: unset; -webkit-print-color-adjust: unset; -webkit-rtl-ordering: unset; -webkit-ruby-position: unset; -webkit-tap-highlight-color: unset; -webkit-text-combine: unset; -webkit-text-decorations-in-effect: unset; -webkit-text-fill-color: unset; -webkit-text-security: unset; -webkit-text-stroke-color: unset; -webkit-user-drag: unset; -webkit-user-modify: unset; width: unset; will-change: unset; word-break: unset; x: unset; y: unset; z-index: unset;\" /><span style=\"color: #403b45; font-family: \'Open Sans\', sans-serif; font-size: 16px; background-color: #ffffff;\">Diamond City Real Estate is your trusted partner in navigating the dynamic landscape of the UAE real estate market. With an illustrious journey spanning 20 years, we have honed our expertise to become leaders in various facets of the industry, including sales, off-plan ventures, rentals, commercial spaces, and property management. Our dedicated team comprises RERA-qualified brokers, ensuring the highest standards of professionalism and knowledge. At Diamond City, our unwavering focus revolves around our clients &ndash; their dreams, aspirations, and financial growth. We are committed to not just finding properties, but to crafting investment opportunities that yield the utmost returns.</span></p>', 'rent', '55.14088204140653', '25.078299', 0, '169740975561.png', '169740975542.png', '169740975536.png', '169740975546.png', '169740975534.png', 1, '2023-10-16 07:42:35', '2023-10-16 07:42:35');
INSERT INTO `properties` VALUES (31, 7, 'VILLA FOR RENT IN SUN, ARABIAN RANCHES 3', 4, 4, 0, NULL, 2445, 194999, '<p><span style=\"color: #403b45; font-family: \'Open Sans\', sans-serif; font-size: 16px; background-color: #ffffff;\">Diamond City Real Estate is pleased to offer you a spacious brand-new villa located in Arabian Ranches III - SUN</span></p>\r\n<p><span style=\"color: #403b45; font-family: \'Open Sans\', sans-serif; font-size: 16px; background-color: #ffffff;\">Arabian Ranches III is an excellent gated community by Emaar crafted with spacious townhouses. Magnificent, serene, and simple, these homes are ready to move in.</span><br style=\"color: #403b45; font-family: \'Open Sans\', sans-serif; font-feature-settings: unset; font-kerning: unset; font-optical-sizing: unset; font-palette: unset; font-size: 16px; font-stretch: unset; font-synthesis: unset; font-variant-alternates: unset; font-variant-east-asian: unset; font-variant-numeric: unset; font-variant-position: unset; font-variation-settings: unset; forced-color-adjust: unset; text-orientation: unset; text-rendering: unset; -webkit-font-smoothing: unset; -webkit-locale: unset; -webkit-text-orientation: unset; -webkit-writing-mode: unset; writing-mode: unset; zoom: unset; accent-color: unset; place-content: unset; place-items: unset; place-self: unset; alignment-baseline: unset; animation-composition: unset; animation: unset; app-region: unset; appearance: unset; aspect-ratio: unset; backdrop-filter: unset; backface-visibility: unset; background-attachment: unset; background-blend-mode: unset; background-clip: unset; background-color: #ffffff; background-image: unset; background-origin: unset; background-position: unset; background-repeat: unset; background-size: unset; baseline-shift: unset; baseline-source: unset; block-size: unset; border-block: unset; border: none; border-radius: unset; border-collapse: unset; border-end-end-radius: unset; border-end-start-radius: unset; border-inline: unset; border-start-end-radius: unset; border-start-start-radius: unset; inset: unset; box-shadow: unset; box-sizing: border-box; break-after: unset; break-before: unset; break-inside: unset; buffered-rendering: unset; caption-side: unset; caret-color: unset; clear: unset; clip: unset; clip-path: unset; clip-rule: unset; color-interpolation: unset; color-interpolation-filters: unset; color-rendering: unset; color-scheme: unset; columns: unset; column-fill: unset; gap: unset; column-rule: unset; column-span: unset; contain: unset; contain-intrinsic-block-size: unset; contain-intrinsic-size: unset; contain-intrinsic-inline-size: unset; container: unset; content: unset; content-visibility: unset; counter-increment: unset; counter-reset: unset; counter-set: unset; cursor: unset; cx: unset; cy: unset; d: unset; display: revert; dominant-baseline: unset; empty-cells: unset; fill: unset; fill-opacity: unset; fill-rule: unset; filter: unset; flex: unset; flex-flow: unset; float: unset; flood-color: unset; flood-opacity: unset; grid: unset; grid-area: unset; height: unset; hyphenate-character: unset; hyphenate-limit-chars: unset; hyphens: unset; image-orientation: unset; image-rendering: unset; initial-letter: unset; inline-size: unset; inset-block: unset; inset-inline: unset; isolation: unset; lighting-color: unset; line-break: unset; line-height: unset; list-style: unset; margin-block: unset; margin: 0px; margin-inline: unset; marker: unset; mask: unset; mask-type: unset; math-depth: unset; math-shift: unset; math-style: unset; max-block-size: unset; max-height: unset; max-inline-size: unset; max-width: unset; min-block-size: unset; min-height: unset; min-inline-size: unset; min-width: unset; mix-blend-mode: unset; object-fit: unset; object-position: unset; object-view-box: unset; offset: unset; opacity: unset; order: unset; outline: 0px; outline-offset: unset; overflow-anchor: unset; overflow-clip-margin: unset; overflow-wrap: unset; overflow: unset; overlay: unset; overscroll-behavior-block: unset; overscroll-behavior-inline: unset; overscroll-behavior: unset; padding-block: unset; padding: 0px; padding-inline: unset; page: unset; page-orientation: unset; paint-order: unset; perspective: unset; perspective-origin: unset; pointer-events: unset; position: unset; quotes: unset; r: unset; resize: unset; rotate: unset; ruby-position: unset; rx: unset; ry: unset; scale: unset; scroll-behavior: unset; scroll-margin-block: unset; scroll-margin: unset; scroll-margin-inline: unset; scroll-padding-block: unset; scroll-padding: unset; scroll-padding-inline: unset; scroll-snap-align: unset; scroll-snap-stop: unset; scroll-snap-type: unset; scroll-timeline: unset; scrollbar-gutter: unset; shape-image-threshold: unset; shape-margin: unset; shape-outside: unset; shape-rendering: unset; size: unset; speak: unset; stop-color: unset; stop-opacity: unset; stroke: unset; stroke-dasharray: unset; stroke-dashoffset: unset; stroke-linecap: unset; stroke-linejoin: unset; stroke-miterlimit: unset; stroke-opacity: unset; stroke-width: unset; tab-size: unset; table-layout: unset; text-align-last: unset; text-anchor: unset; text-combine-upright: unset; text-decoration-line: unset; text-decoration-skip-ink: unset; text-emphasis: unset; text-emphasis-position: unset; text-overflow: unset; text-shadow: unset; text-size-adjust: unset; text-underline-offset: unset; text-underline-position: unset; timeline-scope: unset; touch-action: unset; transform: unset; transform-box: unset; transform-origin: unset; transform-style: unset; transition: unset; translate: unset; user-select: unset; vector-effect: unset; vertical-align: unset; view-timeline: unset; view-timeline-inset: unset; view-transition-name: unset; visibility: unset; border-spacing: unset; -webkit-box-align: unset; -webkit-box-decoration-break: unset; -webkit-box-direction: unset; -webkit-box-flex: unset; -webkit-box-ordinal-group: unset; -webkit-box-orient: unset; -webkit-box-pack: unset; -webkit-box-reflect: unset; -webkit-line-break: unset; -webkit-line-clamp: unset; -webkit-mask-box-image: unset; -webkit-mask: unset; -webkit-mask-composite: unset; -webkit-print-color-adjust: unset; -webkit-rtl-ordering: unset; -webkit-ruby-position: unset; -webkit-tap-highlight-color: unset; -webkit-text-combine: unset; -webkit-text-decorations-in-effect: unset; -webkit-text-fill-color: unset; -webkit-text-security: unset; -webkit-text-stroke-color: unset; -webkit-user-drag: unset; -webkit-user-modify: unset; width: unset; will-change: unset; word-break: unset; x: unset; y: unset; z-index: unset;\" /><br style=\"color: #403b45; font-family: \'Open Sans\', sans-serif; font-feature-settings: unset; font-kerning: unset; font-optical-sizing: unset; font-palette: unset; font-size: 16px; font-stretch: unset; font-synthesis: unset; font-variant-alternates: unset; font-variant-east-asian: unset; font-variant-numeric: unset; font-variant-position: unset; font-variation-settings: unset; forced-color-adjust: unset; text-orientation: unset; text-rendering: unset; -webkit-font-smoothing: unset; -webkit-locale: unset; -webkit-text-orientation: unset; -webkit-writing-mode: unset; writing-mode: unset; zoom: unset; accent-color: unset; place-content: unset; place-items: unset; place-self: unset; alignment-baseline: unset; animation-composition: unset; animation: unset; app-region: unset; appearance: unset; aspect-ratio: unset; backdrop-filter: unset; backface-visibility: unset; background-attachment: unset; background-blend-mode: unset; background-clip: unset; background-color: #ffffff; background-image: unset; background-origin: unset; background-position: unset; background-repeat: unset; background-size: unset; baseline-shift: unset; baseline-source: unset; block-size: unset; border-block: unset; border: none; border-radius: unset; border-collapse: unset; border-end-end-radius: unset; border-end-start-radius: unset; border-inline: unset; border-start-end-radius: unset; border-start-start-radius: unset; inset: unset; box-shadow: unset; box-sizing: border-box; break-after: unset; break-before: unset; break-inside: unset; buffered-rendering: unset; caption-side: unset; caret-color: unset; clear: unset; clip: unset; clip-path: unset; clip-rule: unset; color-interpolation: unset; color-interpolation-filters: unset; color-rendering: unset; color-scheme: unset; columns: unset; column-fill: unset; gap: unset; column-rule: unset; column-span: unset; contain: unset; contain-intrinsic-block-size: unset; contain-intrinsic-size: unset; contain-intrinsic-inline-size: unset; container: unset; content: unset; content-visibility: unset; counter-increment: unset; counter-reset: unset; counter-set: unset; cursor: unset; cx: unset; cy: unset; d: unset; display: revert; dominant-baseline: unset; empty-cells: unset; fill: unset; fill-opacity: unset; fill-rule: unset; filter: unset; flex: unset; flex-flow: unset; float: unset; flood-color: unset; flood-opacity: unset; grid: unset; grid-area: unset; height: unset; hyphenate-character: unset; hyphenate-limit-chars: unset; hyphens: unset; image-orientation: unset; image-rendering: unset; initial-letter: unset; inline-size: unset; inset-block: unset; inset-inline: unset; isolation: unset; lighting-color: unset; line-break: unset; line-height: unset; list-style: unset; margin-block: unset; margin: 0px; margin-inline: unset; marker: unset; mask: unset; mask-type: unset; math-depth: unset; math-shift: unset; math-style: unset; max-block-size: unset; max-height: unset; max-inline-size: unset; max-width: unset; min-block-size: unset; min-height: unset; min-inline-size: unset; min-width: unset; mix-blend-mode: unset; object-fit: unset; object-position: unset; object-view-box: unset; offset: unset; opacity: unset; order: unset; outline: 0px; outline-offset: unset; overflow-anchor: unset; overflow-clip-margin: unset; overflow-wrap: unset; overflow: unset; overlay: unset; overscroll-behavior-block: unset; overscroll-behavior-inline: unset; overscroll-behavior: unset; padding-block: unset; padding: 0px; padding-inline: unset; page: unset; page-orientation: unset; paint-order: unset; perspective: unset; perspective-origin: unset; pointer-events: unset; position: unset; quotes: unset; r: unset; resize: unset; rotate: unset; ruby-position: unset; rx: unset; ry: unset; scale: unset; scroll-behavior: unset; scroll-margin-block: unset; scroll-margin: unset; scroll-margin-inline: unset; scroll-padding-block: unset; scroll-padding: unset; scroll-padding-inline: unset; scroll-snap-align: unset; scroll-snap-stop: unset; scroll-snap-type: unset; scroll-timeline: unset; scrollbar-gutter: unset; shape-image-threshold: unset; shape-margin: unset; shape-outside: unset; shape-rendering: unset; size: unset; speak: unset; stop-color: unset; stop-opacity: unset; stroke: unset; stroke-dasharray: unset; stroke-dashoffset: unset; stroke-linecap: unset; stroke-linejoin: unset; stroke-miterlimit: unset; stroke-opacity: unset; stroke-width: unset; tab-size: unset; table-layout: unset; text-align-last: unset; text-anchor: unset; text-combine-upright: unset; text-decoration-line: unset; text-decoration-skip-ink: unset; text-emphasis: unset; text-emphasis-position: unset; text-overflow: unset; text-shadow: unset; text-size-adjust: unset; text-underline-offset: unset; text-underline-position: unset; timeline-scope: unset; touch-action: unset; transform: unset; transform-box: unset; transform-origin: unset; transform-style: unset; transition: unset; translate: unset; user-select: unset; vector-effect: unset; vertical-align: unset; view-timeline: unset; view-timeline-inset: unset; view-transition-name: unset; visibility: unset; border-spacing: unset; -webkit-box-align: unset; -webkit-box-decoration-break: unset; -webkit-box-direction: unset; -webkit-box-flex: unset; -webkit-box-ordinal-group: unset; -webkit-box-orient: unset; -webkit-box-pack: unset; -webkit-box-reflect: unset; -webkit-line-break: unset; -webkit-line-clamp: unset; -webkit-mask-box-image: unset; -webkit-mask: unset; -webkit-mask-composite: unset; -webkit-print-color-adjust: unset; -webkit-rtl-ordering: unset; -webkit-ruby-position: unset; -webkit-tap-highlight-color: unset; -webkit-text-combine: unset; -webkit-text-decorations-in-effect: unset; -webkit-text-fill-color: unset; -webkit-text-security: unset; -webkit-text-stroke-color: unset; -webkit-user-drag: unset; -webkit-user-modify: unset; width: unset; will-change: unset; word-break: unset; x: unset; y: unset; z-index: unset;\" /><span style=\"color: #403b45; font-family: \'Open Sans\', sans-serif; font-size: 16px; background-color: #ffffff;\">The garden has been newly upgraded to offer a more inviting and enjoyable outdoor space.</span><br style=\"color: #403b45; font-family: \'Open Sans\', sans-serif; font-feature-settings: unset; font-kerning: unset; font-optical-sizing: unset; font-palette: unset; font-size: 16px; font-stretch: unset; font-synthesis: unset; font-variant-alternates: unset; font-variant-east-asian: unset; font-variant-numeric: unset; font-variant-position: unset; font-variation-settings: unset; forced-color-adjust: unset; text-orientation: unset; text-rendering: unset; -webkit-font-smoothing: unset; -webkit-locale: unset; -webkit-text-orientation: unset; -webkit-writing-mode: unset; writing-mode: unset; zoom: unset; accent-color: unset; place-content: unset; place-items: unset; place-self: unset; alignment-baseline: unset; animation-composition: unset; animation: unset; app-region: unset; appearance: unset; aspect-ratio: unset; backdrop-filter: unset; backface-visibility: unset; background-attachment: unset; background-blend-mode: unset; background-clip: unset; background-color: #ffffff; background-image: unset; background-origin: unset; background-position: unset; background-repeat: unset; background-size: unset; baseline-shift: unset; baseline-source: unset; block-size: unset; border-block: unset; border: none; border-radius: unset; border-collapse: unset; border-end-end-radius: unset; border-end-start-radius: unset; border-inline: unset; border-start-end-radius: unset; border-start-start-radius: unset; inset: unset; box-shadow: unset; box-sizing: border-box; break-after: unset; break-before: unset; break-inside: unset; buffered-rendering: unset; caption-side: unset; caret-color: unset; clear: unset; clip: unset; clip-path: unset; clip-rule: unset; color-interpolation: unset; color-interpolation-filters: unset; color-rendering: unset; color-scheme: unset; columns: unset; column-fill: unset; gap: unset; column-rule: unset; column-span: unset; contain: unset; contain-intrinsic-block-size: unset; contain-intrinsic-size: unset; contain-intrinsic-inline-size: unset; container: unset; content: unset; content-visibility: unset; counter-increment: unset; counter-reset: unset; counter-set: unset; cursor: unset; cx: unset; cy: unset; d: unset; display: revert; dominant-baseline: unset; empty-cells: unset; fill: unset; fill-opacity: unset; fill-rule: unset; filter: unset; flex: unset; flex-flow: unset; float: unset; flood-color: unset; flood-opacity: unset; grid: unset; grid-area: unset; height: unset; hyphenate-character: unset; hyphenate-limit-chars: unset; hyphens: unset; image-orientation: unset; image-rendering: unset; initial-letter: unset; inline-size: unset; inset-block: unset; inset-inline: unset; isolation: unset; lighting-color: unset; line-break: unset; line-height: unset; list-style: unset; margin-block: unset; margin: 0px; margin-inline: unset; marker: unset; mask: unset; mask-type: unset; math-depth: unset; math-shift: unset; math-style: unset; max-block-size: unset; max-height: unset; max-inline-size: unset; max-width: unset; min-block-size: unset; min-height: unset; min-inline-size: unset; min-width: unset; mix-blend-mode: unset; object-fit: unset; object-position: unset; object-view-box: unset; offset: unset; opacity: unset; order: unset; outline: 0px; outline-offset: unset; overflow-anchor: unset; overflow-clip-margin: unset; overflow-wrap: unset; overflow: unset; overlay: unset; overscroll-behavior-block: unset; overscroll-behavior-inline: unset; overscroll-behavior: unset; padding-block: unset; padding: 0px; padding-inline: unset; page: unset; page-orientation: unset; paint-order: unset; perspective: unset; perspective-origin: unset; pointer-events: unset; position: unset; quotes: unset; r: unset; resize: unset; rotate: unset; ruby-position: unset; rx: unset; ry: unset; scale: unset; scroll-behavior: unset; scroll-margin-block: unset; scroll-margin: unset; scroll-margin-inline: unset; scroll-padding-block: unset; scroll-padding: unset; scroll-padding-inline: unset; scroll-snap-align: unset; scroll-snap-stop: unset; scroll-snap-type: unset; scroll-timeline: unset; scrollbar-gutter: unset; shape-image-threshold: unset; shape-margin: unset; shape-outside: unset; shape-rendering: unset; size: unset; speak: unset; stop-color: unset; stop-opacity: unset; stroke: unset; stroke-dasharray: unset; stroke-dashoffset: unset; stroke-linecap: unset; stroke-linejoin: unset; stroke-miterlimit: unset; stroke-opacity: unset; stroke-width: unset; tab-size: unset; table-layout: unset; text-align-last: unset; text-anchor: unset; text-combine-upright: unset; text-decoration-line: unset; text-decoration-skip-ink: unset; text-emphasis: unset; text-emphasis-position: unset; text-overflow: unset; text-shadow: unset; text-size-adjust: unset; text-underline-offset: unset; text-underline-position: unset; timeline-scope: unset; touch-action: unset; transform: unset; transform-box: unset; transform-origin: unset; transform-style: unset; transition: unset; translate: unset; user-select: unset; vector-effect: unset; vertical-align: unset; view-timeline: unset; view-timeline-inset: unset; view-transition-name: unset; visibility: unset; border-spacing: unset; -webkit-box-align: unset; -webkit-box-decoration-break: unset; -webkit-box-direction: unset; -webkit-box-flex: unset; -webkit-box-ordinal-group: unset; -webkit-box-orient: unset; -webkit-box-pack: unset; -webkit-box-reflect: unset; -webkit-line-break: unset; -webkit-line-clamp: unset; -webkit-mask-box-image: unset; -webkit-mask: unset; -webkit-mask-composite: unset; -webkit-print-color-adjust: unset; -webkit-rtl-ordering: unset; -webkit-ruby-position: unset; -webkit-tap-highlight-color: unset; -webkit-text-combine: unset; -webkit-text-decorations-in-effect: unset; -webkit-text-fill-color: unset; -webkit-text-security: unset; -webkit-text-stroke-color: unset; -webkit-user-drag: unset; -webkit-user-modify: unset; width: unset; will-change: unset; word-break: unset; x: unset; y: unset; z-index: unset;\" /><br style=\"color: #403b45; font-family: \'Open Sans\', sans-serif; font-feature-settings: unset; font-kerning: unset; font-optical-sizing: unset; font-palette: unset; font-size: 16px; font-stretch: unset; font-synthesis: unset; font-variant-alternates: unset; font-variant-east-asian: unset; font-variant-numeric: unset; font-variant-position: unset; font-variation-settings: unset; forced-color-adjust: unset; text-orientation: unset; text-rendering: unset; -webkit-font-smoothing: unset; -webkit-locale: unset; -webkit-text-orientation: unset; -webkit-writing-mode: unset; writing-mode: unset; zoom: unset; accent-color: unset; place-content: unset; place-items: unset; place-self: unset; alignment-baseline: unset; animation-composition: unset; animation: unset; app-region: unset; appearance: unset; aspect-ratio: unset; backdrop-filter: unset; backface-visibility: unset; background-attachment: unset; background-blend-mode: unset; background-clip: unset; background-color: #ffffff; background-image: unset; background-origin: unset; background-position: unset; background-repeat: unset; background-size: unset; baseline-shift: unset; baseline-source: unset; block-size: unset; border-block: unset; border: none; border-radius: unset; border-collapse: unset; border-end-end-radius: unset; border-end-start-radius: unset; border-inline: unset; border-start-end-radius: unset; border-start-start-radius: unset; inset: unset; box-shadow: unset; box-sizing: border-box; break-after: unset; break-before: unset; break-inside: unset; buffered-rendering: unset; caption-side: unset; caret-color: unset; clear: unset; clip: unset; clip-path: unset; clip-rule: unset; color-interpolation: unset; color-interpolation-filters: unset; color-rendering: unset; color-scheme: unset; columns: unset; column-fill: unset; gap: unset; column-rule: unset; column-span: unset; contain: unset; contain-intrinsic-block-size: unset; contain-intrinsic-size: unset; contain-intrinsic-inline-size: unset; container: unset; content: unset; content-visibility: unset; counter-increment: unset; counter-reset: unset; counter-set: unset; cursor: unset; cx: unset; cy: unset; d: unset; display: revert; dominant-baseline: unset; empty-cells: unset; fill: unset; fill-opacity: unset; fill-rule: unset; filter: unset; flex: unset; flex-flow: unset; float: unset; flood-color: unset; flood-opacity: unset; grid: unset; grid-area: unset; height: unset; hyphenate-character: unset; hyphenate-limit-chars: unset; hyphens: unset; image-orientation: unset; image-rendering: unset; initial-letter: unset; inline-size: unset; inset-block: unset; inset-inline: unset; isolation: unset; lighting-color: unset; line-break: unset; line-height: unset; list-style: unset; margin-block: unset; margin: 0px; margin-inline: unset; marker: unset; mask: unset; mask-type: unset; math-depth: unset; math-shift: unset; math-style: unset; max-block-size: unset; max-height: unset; max-inline-size: unset; max-width: unset; min-block-size: unset; min-height: unset; min-inline-size: unset; min-width: unset; mix-blend-mode: unset; object-fit: unset; object-position: unset; object-view-box: unset; offset: unset; opacity: unset; order: unset; outline: 0px; outline-offset: unset; overflow-anchor: unset; overflow-clip-margin: unset; overflow-wrap: unset; overflow: unset; overlay: unset; overscroll-behavior-block: unset; overscroll-behavior-inline: unset; overscroll-behavior: unset; padding-block: unset; padding: 0px; padding-inline: unset; page: unset; page-orientation: unset; paint-order: unset; perspective: unset; perspective-origin: unset; pointer-events: unset; position: unset; quotes: unset; r: unset; resize: unset; rotate: unset; ruby-position: unset; rx: unset; ry: unset; scale: unset; scroll-behavior: unset; scroll-margin-block: unset; scroll-margin: unset; scroll-margin-inline: unset; scroll-padding-block: unset; scroll-padding: unset; scroll-padding-inline: unset; scroll-snap-align: unset; scroll-snap-stop: unset; scroll-snap-type: unset; scroll-timeline: unset; scrollbar-gutter: unset; shape-image-threshold: unset; shape-margin: unset; shape-outside: unset; shape-rendering: unset; size: unset; speak: unset; stop-color: unset; stop-opacity: unset; stroke: unset; stroke-dasharray: unset; stroke-dashoffset: unset; stroke-linecap: unset; stroke-linejoin: unset; stroke-miterlimit: unset; stroke-opacity: unset; stroke-width: unset; tab-size: unset; table-layout: unset; text-align-last: unset; text-anchor: unset; text-combine-upright: unset; text-decoration-line: unset; text-decoration-skip-ink: unset; text-emphasis: unset; text-emphasis-position: unset; text-overflow: unset; text-shadow: unset; text-size-adjust: unset; text-underline-offset: unset; text-underline-position: unset; timeline-scope: unset; touch-action: unset; transform: unset; transform-box: unset; transform-origin: unset; transform-style: unset; transition: unset; translate: unset; user-select: unset; vector-effect: unset; vertical-align: unset; view-timeline: unset; view-timeline-inset: unset; view-transition-name: unset; visibility: unset; border-spacing: unset; -webkit-box-align: unset; -webkit-box-decoration-break: unset; -webkit-box-direction: unset; -webkit-box-flex: unset; -webkit-box-ordinal-group: unset; -webkit-box-orient: unset; -webkit-box-pack: unset; -webkit-box-reflect: unset; -webkit-line-break: unset; -webkit-line-clamp: unset; -webkit-mask-box-image: unset; -webkit-mask: unset; -webkit-mask-composite: unset; -webkit-print-color-adjust: unset; -webkit-rtl-ordering: unset; -webkit-ruby-position: unset; -webkit-tap-highlight-color: unset; -webkit-text-combine: unset; -webkit-text-decorations-in-effect: unset; -webkit-text-fill-color: unset; -webkit-text-security: unset; -webkit-text-stroke-color: unset; -webkit-user-drag: unset; -webkit-user-modify: unset; width: unset; will-change: unset; word-break: unset; x: unset; y: unset; z-index: unset;\" /><span style=\"color: #403b45; font-family: \'Open Sans\', sans-serif; font-size: 16px; background-color: #ffffff;\">To avail this exclusive opportunity, contact us today</span></p>', 'rent', '55.14088204140653', '25.078299', 1, '169741043026.png', '169741043046.png', '169741043049.png', '169741043024.png', '169741043052.png', 1, '2023-10-16 07:53:50', '2023-10-16 07:53:50');
INSERT INTO `properties` VALUES (32, 6, 'APARTMENT FOR RENT IN DUBAI OPERA, DOWNTOWN DUBAI', 2, 3, 0, NULL, 1194, 340000, '<p><span style=\"color: #403b45; font-family: \'Open Sans\', sans-serif; font-size: 16px; background-color: #ffffff;\">Diamond City Real Estate is pleased to offer you this amazingly furnished 2-bedroom apartment located at The Address Residences Dubai Opera, Dubai.</span></p>\r\n<p><span style=\"color: #403b45; font-family: \'Open Sans\', sans-serif; font-size: 16px; background-color: #ffffff;\">Address Residences Dubai Opera is a select adjusted condo advancement bound to set new models in extravagance and administration. The structure of the two smooth towers, one highlighting 64 stories, and the other 56, was propelled by the boats of the Arabian Sea. Between them, a far-reaching platform exhibits an extraordinary cluster of retail, relaxation and amusement offices.</span><br style=\"color: #403b45; font-family: \'Open Sans\', sans-serif; font-feature-settings: unset; font-kerning: unset; font-optical-sizing: unset; font-palette: unset; font-size: 16px; font-stretch: unset; font-synthesis: unset; font-variant-alternates: unset; font-variant-east-asian: unset; font-variant-numeric: unset; font-variant-position: unset; font-variation-settings: unset; forced-color-adjust: unset; text-orientation: unset; text-rendering: unset; -webkit-font-smoothing: unset; -webkit-locale: unset; -webkit-text-orientation: unset; -webkit-writing-mode: unset; writing-mode: unset; zoom: unset; accent-color: unset; place-content: unset; place-items: unset; place-self: unset; alignment-baseline: unset; animation-composition: unset; animation: unset; app-region: unset; appearance: unset; aspect-ratio: unset; backdrop-filter: unset; backface-visibility: unset; background-attachment: unset; background-blend-mode: unset; background-clip: unset; background-color: #ffffff; background-image: unset; background-origin: unset; background-position: unset; background-repeat: unset; background-size: unset; baseline-shift: unset; baseline-source: unset; block-size: unset; border-block: unset; border: none; border-radius: unset; border-collapse: unset; border-end-end-radius: unset; border-end-start-radius: unset; border-inline: unset; border-start-end-radius: unset; border-start-start-radius: unset; inset: unset; box-shadow: unset; box-sizing: border-box; break-after: unset; break-before: unset; break-inside: unset; buffered-rendering: unset; caption-side: unset; caret-color: unset; clear: unset; clip: unset; clip-path: unset; clip-rule: unset; color-interpolation: unset; color-interpolation-filters: unset; color-rendering: unset; color-scheme: unset; columns: unset; column-fill: unset; gap: unset; column-rule: unset; column-span: unset; contain: unset; contain-intrinsic-block-size: unset; contain-intrinsic-size: unset; contain-intrinsic-inline-size: unset; container: unset; content: unset; content-visibility: unset; counter-increment: unset; counter-reset: unset; counter-set: unset; cursor: unset; cx: unset; cy: unset; d: unset; display: revert; dominant-baseline: unset; empty-cells: unset; fill: unset; fill-opacity: unset; fill-rule: unset; filter: unset; flex: unset; flex-flow: unset; float: unset; flood-color: unset; flood-opacity: unset; grid: unset; grid-area: unset; height: unset; hyphenate-character: unset; hyphenate-limit-chars: unset; hyphens: unset; image-orientation: unset; image-rendering: unset; initial-letter: unset; inline-size: unset; inset-block: unset; inset-inline: unset; isolation: unset; lighting-color: unset; line-break: unset; line-height: unset; list-style: unset; margin-block: unset; margin: 0px; margin-inline: unset; marker: unset; mask: unset; mask-type: unset; math-depth: unset; math-shift: unset; math-style: unset; max-block-size: unset; max-height: unset; max-inline-size: unset; max-width: unset; min-block-size: unset; min-height: unset; min-inline-size: unset; min-width: unset; mix-blend-mode: unset; object-fit: unset; object-position: unset; object-view-box: unset; offset: unset; opacity: unset; order: unset; outline: 0px; outline-offset: unset; overflow-anchor: unset; overflow-clip-margin: unset; overflow-wrap: unset; overflow: unset; overlay: unset; overscroll-behavior-block: unset; overscroll-behavior-inline: unset; overscroll-behavior: unset; padding-block: unset; padding: 0px; padding-inline: unset; page: unset; page-orientation: unset; paint-order: unset; perspective: unset; perspective-origin: unset; pointer-events: unset; position: unset; quotes: unset; r: unset; resize: unset; rotate: unset; ruby-position: unset; rx: unset; ry: unset; scale: unset; scroll-behavior: unset; scroll-margin-block: unset; scroll-margin: unset; scroll-margin-inline: unset; scroll-padding-block: unset; scroll-padding: unset; scroll-padding-inline: unset; scroll-snap-align: unset; scroll-snap-stop: unset; scroll-snap-type: unset; scroll-timeline: unset; scrollbar-gutter: unset; shape-image-threshold: unset; shape-margin: unset; shape-outside: unset; shape-rendering: unset; size: unset; speak: unset; stop-color: unset; stop-opacity: unset; stroke: unset; stroke-dasharray: unset; stroke-dashoffset: unset; stroke-linecap: unset; stroke-linejoin: unset; stroke-miterlimit: unset; stroke-opacity: unset; stroke-width: unset; tab-size: unset; table-layout: unset; text-align-last: unset; text-anchor: unset; text-combine-upright: unset; text-decoration-line: unset; text-decoration-skip-ink: unset; text-emphasis: unset; text-emphasis-position: unset; text-overflow: unset; text-shadow: unset; text-size-adjust: unset; text-underline-offset: unset; text-underline-position: unset; timeline-scope: unset; touch-action: unset; transform: unset; transform-box: unset; transform-origin: unset; transform-style: unset; transition: unset; translate: unset; user-select: unset; vector-effect: unset; vertical-align: unset; view-timeline: unset; view-timeline-inset: unset; view-transition-name: unset; visibility: unset; border-spacing: unset; -webkit-box-align: unset; -webkit-box-decoration-break: unset; -webkit-box-direction: unset; -webkit-box-flex: unset; -webkit-box-ordinal-group: unset; -webkit-box-orient: unset; -webkit-box-pack: unset; -webkit-box-reflect: unset; -webkit-line-break: unset; -webkit-line-clamp: unset; -webkit-mask-box-image: unset; -webkit-mask: unset; -webkit-mask-composite: unset; -webkit-print-color-adjust: unset; -webkit-rtl-ordering: unset; -webkit-ruby-position: unset; -webkit-tap-highlight-color: unset; -webkit-text-combine: unset; -webkit-text-decorations-in-effect: unset; -webkit-text-fill-color: unset; -webkit-text-security: unset; -webkit-text-stroke-color: unset; -webkit-user-drag: unset; -webkit-user-modify: unset; width: unset; will-change: unset; word-break: unset; x: unset; y: unset; z-index: unset;\" /><br style=\"color: #403b45; font-family: \'Open Sans\', sans-serif; font-feature-settings: unset; font-kerning: unset; font-optical-sizing: unset; font-palette: unset; font-size: 16px; font-stretch: unset; font-synthesis: unset; font-variant-alternates: unset; font-variant-east-asian: unset; font-variant-numeric: unset; font-variant-position: unset; font-variation-settings: unset; forced-color-adjust: unset; text-orientation: unset; text-rendering: unset; -webkit-font-smoothing: unset; -webkit-locale: unset; -webkit-text-orientation: unset; -webkit-writing-mode: unset; writing-mode: unset; zoom: unset; accent-color: unset; place-content: unset; place-items: unset; place-self: unset; alignment-baseline: unset; animation-composition: unset; animation: unset; app-region: unset; appearance: unset; aspect-ratio: unset; backdrop-filter: unset; backface-visibility: unset; background-attachment: unset; background-blend-mode: unset; background-clip: unset; background-color: #ffffff; background-image: unset; background-origin: unset; background-position: unset; background-repeat: unset; background-size: unset; baseline-shift: unset; baseline-source: unset; block-size: unset; border-block: unset; border: none; border-radius: unset; border-collapse: unset; border-end-end-radius: unset; border-end-start-radius: unset; border-inline: unset; border-start-end-radius: unset; border-start-start-radius: unset; inset: unset; box-shadow: unset; box-sizing: border-box; break-after: unset; break-before: unset; break-inside: unset; buffered-rendering: unset; caption-side: unset; caret-color: unset; clear: unset; clip: unset; clip-path: unset; clip-rule: unset; color-interpolation: unset; color-interpolation-filters: unset; color-rendering: unset; color-scheme: unset; columns: unset; column-fill: unset; gap: unset; column-rule: unset; column-span: unset; contain: unset; contain-intrinsic-block-size: unset; contain-intrinsic-size: unset; contain-intrinsic-inline-size: unset; container: unset; content: unset; content-visibility: unset; counter-increment: unset; counter-reset: unset; counter-set: unset; cursor: unset; cx: unset; cy: unset; d: unset; display: revert; dominant-baseline: unset; empty-cells: unset; fill: unset; fill-opacity: unset; fill-rule: unset; filter: unset; flex: unset; flex-flow: unset; float: unset; flood-color: unset; flood-opacity: unset; grid: unset; grid-area: unset; height: unset; hyphenate-character: unset; hyphenate-limit-chars: unset; hyphens: unset; image-orientation: unset; image-rendering: unset; initial-letter: unset; inline-size: unset; inset-block: unset; inset-inline: unset; isolation: unset; lighting-color: unset; line-break: unset; line-height: unset; list-style: unset; margin-block: unset; margin: 0px; margin-inline: unset; marker: unset; mask: unset; mask-type: unset; math-depth: unset; math-shift: unset; math-style: unset; max-block-size: unset; max-height: unset; max-inline-size: unset; max-width: unset; min-block-size: unset; min-height: unset; min-inline-size: unset; min-width: unset; mix-blend-mode: unset; object-fit: unset; object-position: unset; object-view-box: unset; offset: unset; opacity: unset; order: unset; outline: 0px; outline-offset: unset; overflow-anchor: unset; overflow-clip-margin: unset; overflow-wrap: unset; overflow: unset; overlay: unset; overscroll-behavior-block: unset; overscroll-behavior-inline: unset; overscroll-behavior: unset; padding-block: unset; padding: 0px; padding-inline: unset; page: unset; page-orientation: unset; paint-order: unset; perspective: unset; perspective-origin: unset; pointer-events: unset; position: unset; quotes: unset; r: unset; resize: unset; rotate: unset; ruby-position: unset; rx: unset; ry: unset; scale: unset; scroll-behavior: unset; scroll-margin-block: unset; scroll-margin: unset; scroll-margin-inline: unset; scroll-padding-block: unset; scroll-padding: unset; scroll-padding-inline: unset; scroll-snap-align: unset; scroll-snap-stop: unset; scroll-snap-type: unset; scroll-timeline: unset; scrollbar-gutter: unset; shape-image-threshold: unset; shape-margin: unset; shape-outside: unset; shape-rendering: unset; size: unset; speak: unset; stop-color: unset; stop-opacity: unset; stroke: unset; stroke-dasharray: unset; stroke-dashoffset: unset; stroke-linecap: unset; stroke-linejoin: unset; stroke-miterlimit: unset; stroke-opacity: unset; stroke-width: unset; tab-size: unset; table-layout: unset; text-align-last: unset; text-anchor: unset; text-combine-upright: unset; text-decoration-line: unset; text-decoration-skip-ink: unset; text-emphasis: unset; text-emphasis-position: unset; text-overflow: unset; text-shadow: unset; text-size-adjust: unset; text-underline-offset: unset; text-underline-position: unset; timeline-scope: unset; touch-action: unset; transform: unset; transform-box: unset; transform-origin: unset; transform-style: unset; transition: unset; translate: unset; user-select: unset; vector-effect: unset; vertical-align: unset; view-timeline: unset; view-timeline-inset: unset; view-transition-name: unset; visibility: unset; border-spacing: unset; -webkit-box-align: unset; -webkit-box-decoration-break: unset; -webkit-box-direction: unset; -webkit-box-flex: unset; -webkit-box-ordinal-group: unset; -webkit-box-orient: unset; -webkit-box-pack: unset; -webkit-box-reflect: unset; -webkit-line-break: unset; -webkit-line-clamp: unset; -webkit-mask-box-image: unset; -webkit-mask: unset; -webkit-mask-composite: unset; -webkit-print-color-adjust: unset; -webkit-rtl-ordering: unset; -webkit-ruby-position: unset; -webkit-tap-highlight-color: unset; -webkit-text-combine: unset; -webkit-text-decorations-in-effect: unset; -webkit-text-fill-color: unset; -webkit-text-security: unset; -webkit-text-stroke-color: unset; -webkit-user-drag: unset; -webkit-user-modify: unset; width: unset; will-change: unset; word-break: unset; x: unset; y: unset; z-index: unset;\" /><span style=\"color: #403b45; font-family: \'Open Sans\', sans-serif; font-size: 16px; background-color: #ffffff;\">The maritime-motivated motivated twin-tower rises gloriously in The Opera District - a prospering social center just a stone throw\'s away from Burj Khalifa and The Dubai Mall.</span></p>', 'rent', '55.14088204140653', '25.078299', 1, '169741074319.png', '169741074367.png', '169741074335.png', '169741074374.png', '169741074320.png', 1, '2023-10-16 07:59:03', '2023-10-16 07:59:03');
INSERT INTO `properties` VALUES (33, 8, 'Rerum eos sed cupidi', 10, 7, 2, 1, 12, 549, NULL, 'buy', '75.36', '56.25', 0, '169799124914.jpg', '169799124985.jpg', '169799124951.jpg', '169799124935.jpg', '169799124991.jpg', 1, '2023-10-23 01:14:09', '2023-10-23 01:14:09');
INSERT INTO `properties` VALUES (34, 7, 'Voluptatibus et veni', 6, 2, 1, 2, 70, 445, NULL, 'rent', 'Placeat quis amet', 'Dolorum reprehenderi', 1, '169806361667.jpg', '169806361648.jpg', '169806361688.jpg', '169806361678.jpg', '169806361645.jpg', 1, '2023-10-23 21:20:16', '2023-10-23 21:20:16');

-- ----------------------------
-- Table structure for property_features
-- ----------------------------
DROP TABLE IF EXISTS `property_features`;
CREATE TABLE `property_features`  (
  `id` int(11) UNSIGNED NOT NULL AUTO_INCREMENT,
  `property_id` int(11) NOT NULL,
  `feature_id` int(11) NOT NULL,
  `created_at` timestamp(0) NOT NULL DEFAULT CURRENT_TIMESTAMP,
  `updated_at` timestamp(0) NOT NULL DEFAULT CURRENT_TIMESTAMP,
  PRIMARY KEY (`id`) USING BTREE
) ENGINE = InnoDB AUTO_INCREMENT = 125 CHARACTER SET = latin1 COLLATE = latin1_swedish_ci ROW_FORMAT = Compact;

-- ----------------------------
-- Records of property_features
-- ----------------------------
INSERT INTO `property_features` VALUES (39, 26, 4, '2023-10-16 07:18:07', '2023-10-16 07:18:07');
INSERT INTO `property_features` VALUES (40, 26, 5, '2023-10-16 07:18:07', '2023-10-16 07:18:07');
INSERT INTO `property_features` VALUES (41, 26, 6, '2023-10-16 07:18:07', '2023-10-16 07:18:07');
INSERT INTO `property_features` VALUES (42, 26, 7, '2023-10-16 07:18:07', '2023-10-16 07:18:07');
INSERT INTO `property_features` VALUES (43, 26, 8, '2023-10-16 07:18:07', '2023-10-16 07:18:07');
INSERT INTO `property_features` VALUES (44, 26, 9, '2023-10-16 07:18:07', '2023-10-16 07:18:07');
INSERT INTO `property_features` VALUES (45, 26, 10, '2023-10-16 07:18:07', '2023-10-16 07:18:07');
INSERT INTO `property_features` VALUES (46, 26, 11, '2023-10-16 07:18:07', '2023-10-16 07:18:07');
INSERT INTO `property_features` VALUES (47, 26, 12, '2023-10-16 07:18:07', '2023-10-16 07:18:07');
INSERT INTO `property_features` VALUES (48, 26, 13, '2023-10-16 07:18:07', '2023-10-16 07:18:07');
INSERT INTO `property_features` VALUES (49, 26, 14, '2023-10-16 07:18:07', '2023-10-16 07:18:07');
INSERT INTO `property_features` VALUES (50, 27, 4, '2023-10-16 07:23:43', '2023-10-16 07:23:43');
INSERT INTO `property_features` VALUES (51, 27, 5, '2023-10-16 07:23:43', '2023-10-16 07:23:43');
INSERT INTO `property_features` VALUES (52, 27, 6, '2023-10-16 07:23:43', '2023-10-16 07:23:43');
INSERT INTO `property_features` VALUES (53, 27, 7, '2023-10-16 07:23:43', '2023-10-16 07:23:43');
INSERT INTO `property_features` VALUES (54, 27, 8, '2023-10-16 07:23:43', '2023-10-16 07:23:43');
INSERT INTO `property_features` VALUES (55, 27, 10, '2023-10-16 07:23:43', '2023-10-16 07:23:43');
INSERT INTO `property_features` VALUES (56, 27, 11, '2023-10-16 07:23:43', '2023-10-16 07:23:43');
INSERT INTO `property_features` VALUES (57, 27, 12, '2023-10-16 07:23:43', '2023-10-16 07:23:43');
INSERT INTO `property_features` VALUES (58, 28, 4, '2023-10-16 07:28:39', '2023-10-16 07:28:39');
INSERT INTO `property_features` VALUES (59, 28, 5, '2023-10-16 07:28:39', '2023-10-16 07:28:39');
INSERT INTO `property_features` VALUES (60, 28, 6, '2023-10-16 07:28:39', '2023-10-16 07:28:39');
INSERT INTO `property_features` VALUES (61, 28, 8, '2023-10-16 07:28:39', '2023-10-16 07:28:39');
INSERT INTO `property_features` VALUES (62, 28, 9, '2023-10-16 07:28:39', '2023-10-16 07:28:39');
INSERT INTO `property_features` VALUES (63, 28, 11, '2023-10-16 07:28:39', '2023-10-16 07:28:39');
INSERT INTO `property_features` VALUES (64, 28, 12, '2023-10-16 07:28:39', '2023-10-16 07:28:39');
INSERT INTO `property_features` VALUES (65, 28, 13, '2023-10-16 07:28:39', '2023-10-16 07:28:39');
INSERT INTO `property_features` VALUES (66, 28, 14, '2023-10-16 07:28:39', '2023-10-16 07:28:39');
INSERT INTO `property_features` VALUES (67, 29, 5, '2023-10-16 07:38:53', '2023-10-16 07:38:53');
INSERT INTO `property_features` VALUES (68, 29, 6, '2023-10-16 07:38:53', '2023-10-16 07:38:53');
INSERT INTO `property_features` VALUES (69, 29, 7, '2023-10-16 07:38:53', '2023-10-16 07:38:53');
INSERT INTO `property_features` VALUES (70, 29, 8, '2023-10-16 07:38:53', '2023-10-16 07:38:53');
INSERT INTO `property_features` VALUES (71, 29, 9, '2023-10-16 07:38:53', '2023-10-16 07:38:53');
INSERT INTO `property_features` VALUES (72, 29, 10, '2023-10-16 07:38:53', '2023-10-16 07:38:53');
INSERT INTO `property_features` VALUES (73, 29, 11, '2023-10-16 07:38:53', '2023-10-16 07:38:53');
INSERT INTO `property_features` VALUES (74, 29, 12, '2023-10-16 07:38:53', '2023-10-16 07:38:53');
INSERT INTO `property_features` VALUES (75, 30, 4, '2023-10-16 07:42:35', '2023-10-16 07:42:35');
INSERT INTO `property_features` VALUES (76, 30, 5, '2023-10-16 07:42:35', '2023-10-16 07:42:35');
INSERT INTO `property_features` VALUES (77, 30, 6, '2023-10-16 07:42:35', '2023-10-16 07:42:35');
INSERT INTO `property_features` VALUES (78, 30, 7, '2023-10-16 07:42:35', '2023-10-16 07:42:35');
INSERT INTO `property_features` VALUES (79, 30, 8, '2023-10-16 07:42:35', '2023-10-16 07:42:35');
INSERT INTO `property_features` VALUES (80, 30, 9, '2023-10-16 07:42:35', '2023-10-16 07:42:35');
INSERT INTO `property_features` VALUES (81, 30, 10, '2023-10-16 07:42:35', '2023-10-16 07:42:35');
INSERT INTO `property_features` VALUES (82, 30, 11, '2023-10-16 07:42:35', '2023-10-16 07:42:35');
INSERT INTO `property_features` VALUES (83, 30, 12, '2023-10-16 07:42:35', '2023-10-16 07:42:35');
INSERT INTO `property_features` VALUES (84, 30, 13, '2023-10-16 07:42:35', '2023-10-16 07:42:35');
INSERT INTO `property_features` VALUES (85, 31, 4, '2023-10-16 07:53:50', '2023-10-16 07:53:50');
INSERT INTO `property_features` VALUES (86, 31, 5, '2023-10-16 07:53:50', '2023-10-16 07:53:50');
INSERT INTO `property_features` VALUES (87, 31, 6, '2023-10-16 07:53:50', '2023-10-16 07:53:50');
INSERT INTO `property_features` VALUES (88, 31, 7, '2023-10-16 07:53:50', '2023-10-16 07:53:50');
INSERT INTO `property_features` VALUES (89, 31, 8, '2023-10-16 07:53:50', '2023-10-16 07:53:50');
INSERT INTO `property_features` VALUES (90, 31, 9, '2023-10-16 07:53:50', '2023-10-16 07:53:50');
INSERT INTO `property_features` VALUES (91, 31, 10, '2023-10-16 07:53:50', '2023-10-16 07:53:50');
INSERT INTO `property_features` VALUES (92, 31, 11, '2023-10-16 07:53:50', '2023-10-16 07:53:50');
INSERT INTO `property_features` VALUES (93, 31, 12, '2023-10-16 07:53:50', '2023-10-16 07:53:50');
INSERT INTO `property_features` VALUES (94, 31, 13, '2023-10-16 07:53:50', '2023-10-16 07:53:50');
INSERT INTO `property_features` VALUES (95, 32, 4, '2023-10-16 07:59:03', '2023-10-16 07:59:03');
INSERT INTO `property_features` VALUES (96, 32, 5, '2023-10-16 07:59:03', '2023-10-16 07:59:03');
INSERT INTO `property_features` VALUES (97, 32, 6, '2023-10-16 07:59:03', '2023-10-16 07:59:03');
INSERT INTO `property_features` VALUES (98, 32, 7, '2023-10-16 07:59:03', '2023-10-16 07:59:03');
INSERT INTO `property_features` VALUES (99, 32, 9, '2023-10-16 07:59:03', '2023-10-16 07:59:03');
INSERT INTO `property_features` VALUES (100, 32, 10, '2023-10-16 07:59:03', '2023-10-16 07:59:03');
INSERT INTO `property_features` VALUES (101, 32, 11, '2023-10-16 07:59:03', '2023-10-16 07:59:03');
INSERT INTO `property_features` VALUES (102, 32, 12, '2023-10-16 07:59:03', '2023-10-16 07:59:03');
INSERT INTO `property_features` VALUES (103, 32, 13, '2023-10-16 07:59:03', '2023-10-16 07:59:03');
INSERT INTO `property_features` VALUES (104, 25, 4, '2023-10-23 01:09:58', '2023-10-23 01:09:58');
INSERT INTO `property_features` VALUES (105, 25, 5, '2023-10-23 01:09:58', '2023-10-23 01:09:58');
INSERT INTO `property_features` VALUES (106, 25, 6, '2023-10-23 01:09:58', '2023-10-23 01:09:58');
INSERT INTO `property_features` VALUES (107, 25, 7, '2023-10-23 01:09:58', '2023-10-23 01:09:58');
INSERT INTO `property_features` VALUES (108, 25, 9, '2023-10-23 01:09:58', '2023-10-23 01:09:58');
INSERT INTO `property_features` VALUES (109, 25, 10, '2023-10-23 01:09:58', '2023-10-23 01:09:58');
INSERT INTO `property_features` VALUES (110, 25, 11, '2023-10-23 01:09:58', '2023-10-23 01:09:58');
INSERT INTO `property_features` VALUES (111, 25, 12, '2023-10-23 01:09:58', '2023-10-23 01:09:58');
INSERT INTO `property_features` VALUES (112, 25, 13, '2023-10-23 01:09:58', '2023-10-23 01:09:58');
INSERT INTO `property_features` VALUES (113, 33, 3, '2023-10-23 01:14:09', '2023-10-23 01:14:09');
INSERT INTO `property_features` VALUES (114, 33, 4, '2023-10-23 01:14:09', '2023-10-23 01:14:09');
INSERT INTO `property_features` VALUES (115, 33, 5, '2023-10-23 01:14:09', '2023-10-23 01:14:09');
INSERT INTO `property_features` VALUES (116, 33, 11, '2023-10-23 01:14:09', '2023-10-23 01:14:09');
INSERT INTO `property_features` VALUES (117, 33, 14, '2023-10-23 01:14:09', '2023-10-23 01:14:09');
INSERT INTO `property_features` VALUES (118, 34, 6, '2023-10-23 21:20:16', '2023-10-23 21:20:16');
INSERT INTO `property_features` VALUES (119, 34, 7, '2023-10-23 21:20:16', '2023-10-23 21:20:16');
INSERT INTO `property_features` VALUES (120, 34, 11, '2023-10-23 21:20:16', '2023-10-23 21:20:16');
INSERT INTO `property_features` VALUES (121, 34, 12, '2023-10-23 21:20:16', '2023-10-23 21:20:16');
INSERT INTO `property_features` VALUES (122, 34, 13, '2023-10-23 21:20:16', '2023-10-23 21:20:16');
INSERT INTO `property_features` VALUES (123, 34, 14, '2023-10-23 21:20:16', '2023-10-23 21:20:16');
INSERT INTO `property_features` VALUES (124, 34, 15, '2023-10-23 21:20:16', '2023-10-23 21:20:16');

-- ----------------------------
-- Table structure for property_sub_types
-- ----------------------------
DROP TABLE IF EXISTS `property_sub_types`;
CREATE TABLE `property_sub_types`  (
  `id` int(5) UNSIGNED NOT NULL AUTO_INCREMENT,
  `type` varchar(255) CHARACTER SET latin1 COLLATE latin1_swedish_ci NULL DEFAULT NULL,
  `created_at` timestamp(0) NULL DEFAULT CURRENT_TIMESTAMP,
  `updated_at` timestamp(0) NULL DEFAULT CURRENT_TIMESTAMP,
  PRIMARY KEY (`id`) USING BTREE
) ENGINE = InnoDB AUTO_INCREMENT = 6 CHARACTER SET = latin1 COLLATE = latin1_swedish_ci ROW_FORMAT = Compact;

-- ----------------------------
-- Records of property_sub_types
-- ----------------------------
INSERT INTO `property_sub_types` VALUES (1, 'Apartments', NULL, '2023-10-24 02:20:44');
INSERT INTO `property_sub_types` VALUES (2, 'Penthouse', NULL, NULL);
INSERT INTO `property_sub_types` VALUES (3, 'Villa', NULL, NULL);
INSERT INTO `property_sub_types` VALUES (4, 'Townhouse', NULL, NULL);
INSERT INTO `property_sub_types` VALUES (5, 'Studio', '2023-10-24 02:05:42', '2023-10-24 12:02:30');

-- ----------------------------
-- Table structure for property_type
-- ----------------------------
DROP TABLE IF EXISTS `property_type`;
CREATE TABLE `property_type`  (
  `id` int(5) UNSIGNED NOT NULL AUTO_INCREMENT,
  `type` varchar(255) CHARACTER SET latin1 COLLATE latin1_swedish_ci NULL DEFAULT NULL,
  PRIMARY KEY (`id`) USING BTREE
) ENGINE = InnoDB AUTO_INCREMENT = 3 CHARACTER SET = latin1 COLLATE = latin1_swedish_ci ROW_FORMAT = Compact;

-- ----------------------------
-- Records of property_type
-- ----------------------------
INSERT INTO `property_type` VALUES (1, 'Residential');
INSERT INTO `property_type` VALUES (2, 'Commercial');

-- ----------------------------
-- Table structure for users
-- ----------------------------
DROP TABLE IF EXISTS `users`;
CREATE TABLE `users`  (
  `id` bigint(20) UNSIGNED NOT NULL,
  `name` varchar(255) CHARACTER SET utf8mb4 COLLATE utf8mb4_unicode_ci NOT NULL,
  `email` varchar(255) CHARACTER SET utf8mb4 COLLATE utf8mb4_unicode_ci NOT NULL,
  `email_verified_at` timestamp(0) NULL DEFAULT NULL,
  `password` varchar(255) CHARACTER SET utf8mb4 COLLATE utf8mb4_unicode_ci NOT NULL,
  `remember_token` varchar(100) CHARACTER SET utf8mb4 COLLATE utf8mb4_unicode_ci NULL DEFAULT NULL,
  `created_at` timestamp(0) NULL DEFAULT NULL,
  `updated_at` timestamp(0) NULL DEFAULT NULL,
  `role` varchar(255) CHARACTER SET utf8mb4 COLLATE utf8mb4_unicode_ci NOT NULL DEFAULT 'doctor'
) ENGINE = InnoDB CHARACTER SET = utf8mb4 COLLATE = utf8mb4_unicode_ci ROW_FORMAT = Compact;

-- ----------------------------
-- Records of users
-- ----------------------------
INSERT INTO `users` VALUES (1, 'admin', 'admin@gmail.com', NULL, '$2y$10$fJtqpbvYhQ0OLxrT3SR8wug0ZoEv/vxoYljO17WXoNQncMsEGgTtC', NULL, '2022-12-21 04:43:59', '2023-10-01 06:50:03', 'admin');

SET FOREIGN_KEY_CHECKS = 1;
